actual_datetime,Actual,Forecast,avg_price
2025-01-02 09:06:42,0.0048636703389554,0.012716256102033308,263.0
2025-01-02 09:06:43,-0.0010295854876164,0.008409024727543235,264.08333333333337
2025-01-02 09:06:44,-0.0067846718271245,-0.00356372384397452,265.0
2025-01-02 09:06:45,-0.0110656799781094,-0.008972154099105678,265.5
2025-01-02 09:06:46,-0.0136080528594651,-0.01108835151895482,265.5
2025-01-02 09:06:47,-0.0162288940396283,-0.003949241783489432,265.5
2025-01-02 09:06:48,-0.017735485376728,-0.0013514517014545646,265.5
2025-01-02 09:06:49,-0.0191479147552591,-0.00501140950963852,265.5
2025-01-02 09:06:50,-0.0130343213179017,0.0007997124511682774,264.05
2025-01-02 09:06:51,-0.0028775383696431,0.007817860702732382,261.7692307692308
2025-01-02 09:06:52,0.0043711618832102,0.020955808424319544,260.3888888888889
2025-01-02 09:06:53,0.010806573850431,0.027365335000447466,259.40625
2025-01-02 09:06:54,0.0152778271700491,0.026585933622248925,258.90625
2025-01-02 09:06:55,0.0167431052763766,0.022613890525985836,259.1
2025-01-02 09:06:56,0.0203406321820645,0.02209747092562142,258.75
2025-01-02 09:06:57,0.0237381669380533,0.03157652836263525,258.54166666666663
2025-01-02 09:06:58,0.0125390895236805,0.022927011410912357,261.5
2025-01-02 09:06:59,0.0118585364295797,0.016332949826357135,261.75
2025-01-02 09:07:00,-0.005800798596884,-0.006665578538278538,265.97058823529414
2025-01-02 09:07:01,-0.007308824229397,-0.010006764368358567,265.8461538461538
2025-01-02 09:07:02,-0.0072386778318981,-0.0030602799970840255,265.5
2025-01-02 09:07:03,-0.0092991321978607,-0.004008597649195922,266.2307692307692
2025-01-02 09:07:04,-0.0053361793391396,-0.0058614103220273606,265.42857142857144
2025-01-02 09:07:05,-0.0020304902465534,-0.0060863509813702255,264.8636363636364
2025-01-02 09:07:06,-0.0005114471749632,-0.005433106834364709,264.5
2025-01-02 09:07:07,-0.0048006595800714,-0.0008166130030939911,265.20000000000005
2025-01-02 09:07:08,0.0045044595616023,0.015893338397021894,262.5
2025-01-02 09:07:09,0.0039554399537592,0.014232184583542695,262.5
2025-01-02 09:07:10,0.0070691115889986,0.014517822671458847,261.70833333333337
2025-01-02 09:07:11,0.0138375711938982,0.01732755819183618,260.6
2025-01-02 09:07:12,0.0094368772283312,0.014876540681943773,262.25
2025-01-02 09:07:13,-0.0137133542793661,-0.013744705213079467,268.0
2025-01-02 09:07:14,-0.0152058915927988,-0.020885453103194562,268.0
2025-01-02 09:07:15,-0.0165457830446306,-0.022610525491604916,268.0
2025-01-02 09:07:16,-0.0042707657830228,-0.008155911709536667,264.8888888888889
2025-01-02 09:07:17,0.0134346287287061,0.017637497003213154,260.82142857142856
2025-01-02 09:07:18,0.0188973333300525,0.023221773701635362,260.05555555555554
2025-01-02 09:07:19,0.0168105389615639,0.014678875348925091,261.05882352941177
2025-01-02 09:07:20,0.014594235886756,0.008534531433267212,261.9090909090909
2025-01-02 09:07:21,-0.006065024525206,-0.01369451638628294,267.0769230769231
2025-01-02 09:07:22,-0.0086904604315214,-0.01322854591984357,267.4375
2025-01-02 09:07:23,0.0034596401073673,0.0046269945854067185,264.0
2025-01-02 09:07:24,0.0015025694002967,0.0024074733128158776,264.0
2025-01-02 09:07:25,-0.0018308406395047,-0.0025119317804940255,264.4090909090909
2025-01-02 09:07:26,-0.0126531641920139,-0.01781296562617385,266.8076923076923
2025-01-02 09:07:27,-0.0127997237284293,-0.01228709250599791,266.5
2025-01-02 09:07:28,-0.0139033546742408,-0.011986804534869444,266.5
2025-01-02 09:07:29,-0.012134508493535,-0.011968466868020444,265.83333333333337
2025-01-02 09:07:30,-0.0083900648223261,-0.007006423793307404,264.75
2025-01-02 09:07:31,-0.0081090487412349,-0.006401657615818346,264.33333333333337
2025-01-02 09:07:32,-0.0087663833987363,0.0021510662930850355,264.0
2025-01-02 09:07:33,-0.0029172718216274,0.013474636164618081,262.0
2025-01-02 09:07:34,0.0087662902101748,0.024155829134829387,258.83333333333337
2025-01-02 09:07:35,0.0045854380456763,0.018732383621954618,259.69230769230774
2025-01-02 09:07:36,-0.005458288572145,0.006553106326624647,261.875
2025-01-02 09:07:37,-0.0112846729507539,0.004501121749899806,263.07142857142856
2025-01-02 09:07:38,-0.0132065483463207,0.0026851669636174247,263.55882352941177
2025-01-02 09:07:39,-0.0150206172614267,-0.003765363194790705,263.96153846153845
2025-01-02 09:07:40,-0.0156900685865681,-0.006123134173277256,263.96153846153845
2025-01-02 09:07:41,-0.0048734620524811,0.009969657133471532,260.94444444444446
2025-01-02 09:07:42,0.0023082539532302,0.02388685047504957,258.95833333333337
2025-01-02 09:07:43,0.0079847570095997,0.030453519845661914,257.5
2025-01-02 09:07:44,0.0088585434173668,0.028510578028495992,257.5
2025-01-02 09:07:45,0.009482676565772,0.027313746996814547,257.5
2025-01-02 09:07:46,0.0093734532648009,0.026112239981776586,257.5
2025-01-02 09:07:47,-0.0014279282426986,0.0230053352349604,259.6428571428571
2025-01-02 09:07:48,-0.019260932260611,0.007772716326849727,263.3125
2025-01-02 09:07:49,-0.02250038042692,0.0019206361549992668,263.1470588235294
2025-01-02 09:07:50,-0.0216292619870858,0.006068138775312981,262.19444444444446
2025-01-02 09:07:51,-0.0113540952677553,0.01808144402945855,259.47222222222223
2025-01-02 09:07:52,-0.0036645228054634,0.03183617129971039,257.79166666666663
2025-01-02 09:07:53,0.0001077765276795,0.03638856261983969,257.5
2025-01-02 09:07:54,-0.006726650795467,0.025321309140665216,259.75
2025-01-02 09:07:55,-0.0021809691571926,0.023777379829475143,259.1071428571429
2025-01-02 09:07:56,0.0077211655634688,0.027082182417873968,257.21875
2025-01-02 09:07:57,0.0279911077972467,0.052853718300485575,253.22727272727275
2025-01-02 09:07:58,0.034069372656329,0.05843134985463605,253.0
2025-01-02 09:07:59,0.0396876674050586,0.054126552545301854,253.0
2025-01-02 09:08:00,0.0353990066106328,0.04453755829567174,255.16666666666663
2025-01-02 09:08:01,0.0216897104180341,0.025445597147378818,259.5
2025-01-02 09:08:02,0.0177336392853632,0.019878302881243037,261.0
2025-01-02 09:08:03,0.0056374383280668,0.0038202499439579096,264.3076923076923
2025-01-02 09:08:04,0.0054733860972044,-0.0036281408363703083,264.5
2025-01-02 09:08:05,0.0060404938476772,-0.004108693858744683,264.5
2025-01-02 09:08:06,0.0092788595029849,-0.0036490832035125376,263.8461538461538
2025-01-02 09:08:07,0.0077418483156188,0.002503007568755544,264.3333333333333
2025-01-02 09:08:08,0.0007226759145319,-0.0050962948924726525,266.04166666666663
2025-01-02 09:08:09,-0.0047781341887196,-0.01624126199530851,267.2142857142857
2025-01-02 09:08:10,-0.0042955326460482,-0.016504550104462057,266.75
2025-01-02 09:08:11,-0.0144916624222155,-0.025063396652764913,268.79166666666663
2025-01-02 09:08:12,-0.0059720730397421,-0.003436206804595665,266.0
2025-01-02 09:08:13,-0.0073630504833511,-0.0007070038885432783,266.0
2025-01-02 09:08:14,-0.0089884374802552,-0.005447250491708688,266.0
2025-01-02 09:08:15,-0.0093957056506813,-0.009133698172923976,266.0
2025-01-02 09:08:16,-0.0075122646863009,-0.00983740122536969,265.8125
2025-01-02 09:08:17,-0.0042900313191866,0.0007838654399894285,265.1875
2025-01-02 09:08:18,-0.0009769928080257,0.004605878972902211,264.58333333333337
2025-01-02 09:08:19,-0.0001141444861183,0.0026540757314015284,264.25
2025-01-02 09:08:20,0.0020894383110364,0.0038302253947557485,263.41666666666663
2025-01-02 09:08:21,0.0079527384237763,0.007063085721248363,261.7142857142857
2025-01-02 09:08:22,0.0102058064520477,0.01636409270497996,261.15
2025-01-02 09:08:23,0.0056465104395179,0.016920578291808264,262.3
2025-01-02 09:08:24,0.0083893495262496,0.01261924316891938,261.6764705882353
2025-01-02 09:08:25,-0.0050074892879697,-0.004884331440678569,264.9166666666667
2025-01-02 09:08:26,-0.0222161330331263,-0.02687195909597695,268.96153846153845
2025-01-02 09:08:27,-0.0184880599342999,-0.017722448544392533,267.52941176470586
2025-01-02 09:08:28,-0.0192768879084341,-0.014406800701263434,267.33333333333337
2025-01-02 09:08:29,-0.003729817759073,0.0033340309790830247,263.2
2025-01-02 09:08:30,0.0062882485912723,0.013878834910832971,260.8888888888889
2025-01-02 09:08:31,0.0112883793556871,0.016502644585985715,260.0
2025-01-02 09:08:32,0.006315906887651,0.016090833764592638,261.3461538461538
2025-01-02 09:08:33,0.0035411171724199,0.015885367192152167,261.9583333333333
2025-01-02 09:08:34,-0.0002529576633035,0.00710684839942699,262.58333333333337
2025-01-02 09:08:35,-0.0001643995920988,0.007945475695337212,262.1
2025-01-02 09:08:36,-0.0042991614190046,0.005325075767093734,262.9230769230769
2025-01-02 09:08:37,-0.007705308343354,0.006867742852551428,263.5
2025-01-02 09:08:38,-0.0074453047796191,0.009176525619944309,263.3
2025-01-02 09:08:39,-0.009682006001165,0.003122794761369896,263.58333333333337
2025-01-02 09:08:40,-0.0158472806129054,-0.001371956437688171,264.0
2025-01-02 09:08:41,-0.0206198774400435,-0.0041980528612877155,264.05555555555554
2025-01-02 09:08:42,-0.0165183763067198,0.013513051432767487,261.9642857142857
2025-01-02 09:08:43,-0.0157674484802146,0.02210562236695579,260.85
2025-01-02 09:08:44,-0.0097147593060823,0.026465410525527755,258.8928571428572
2025-01-02 09:08:45,-0.0060779875464342,0.032515430743885965,257.5
2025-01-02 09:08:46,-0.0197056155514554,0.02216300222618628,260.28125
2025-01-02 09:08:47,-0.022437302365631,0.025457849545447386,260.2692307692308
2025-01-02 09:08:48,-0.0331455916856679,0.02086751546507548,262.0
2025-01-02 09:08:49,-0.0317049712923032,0.02242435932954856,260.5
2025-01-02 09:08:50,0.0006897443764625,0.0609036429043921,251.85
2025-01-02 09:08:51,-0.0003424122174122,0.06290821208717579,252.0
2025-01-02 09:08:52,0.0445578782963897,0.06626716313451264,252.22727272727275
2025-01-02 09:08:53,0.09402813122289,0.06862213111451076,251.85
2025-01-02 09:08:54,0.0848060511103988,0.05032292693675755,255.3
2025-01-02 09:08:55,0.0981606036263107,0.05740585704674395,253.07142857142856
2025-01-02 09:08:56,0.1375616854037813,0.05876643630361578,252.45454545454544
2025-01-02 09:08:57,0.1438173616273403,0.06295896621871777,253.04166666666663
2025-01-02 09:08:58,0.1627183549071572,0.07569104029376894,250.8636363636364
2025-01-02 09:08:59,0.1763780630447297,0.07647884355106949,249.75
2025-01-02 09:09:00,0.1851617280826263,0.07741102438226521,249.67857142857144
2025-01-02 09:09:01,0.1871375867390214,0.06967500190463016,250.9
2025-01-02 09:09:02,-0.2166748592445397,-0.284132278080256,367.75
2025-01-02 09:09:03,-0.2540013766993634,-0.393323664886434,372.5
2025-01-02 09:09:04,0.0313763107640657,-0.05795618278177228,269.5
2025-01-02 09:09:05,0.0608690523727126,0.00641098057860523,262.6923076923077
2025-01-02 09:09:06,-0.2146396073384339,-0.2507052620790655,345.15
2025-01-02 09:09:07,-0.0214810759312665,-0.07421326234629988,275.55
2025-01-02 09:09:08,-0.0189212674290714,-0.03508039747160763,273.3666666666667
2025-01-02 09:09:09,-0.0140785375805367,-0.029353184844990388,270.91666666666663
2025-01-02 09:09:10,-0.0176297640569654,-0.03061214716387317,270.7692307692307
2025-01-02 09:09:11,-0.0217604390061232,-0.03156740587393947,270.3333333333333
2025-01-02 09:09:12,-0.0256598826022686,-0.02602980604095184,269.9
2025-01-02 09:09:13,-0.0359544196566978,-0.026962122780877396,270.66666666666663
2025-01-02 09:09:14,-0.0528619122968844,-0.029270785923208864,270.2142857142857
2025-01-02 09:09:15,-0.0078522780749588,-0.031490847613792505,269.9545454545455
2025-01-02 09:09:16,-0.0055584115388947,-0.026466803454577414,269.0
2025-01-02 09:09:17,0.0506285227893268,0.01531260085491426,261.1875
2025-01-02 09:09:18,0.0701198351198351,0.02927983262516798,259.0
2025-01-02 09:09:19,0.0778446489408028,0.022739937330402693,260.0
2025-01-02 09:09:20,0.0941400853029652,0.019568890036018027,259.70000000000005
2025-01-02 09:09:21,0.1398255790786346,0.04445390510196168,254.8846153846154
2025-01-02 09:09:22,0.1774502218489392,0.0492304499013112,255.13636363636363
2025-01-02 09:09:23,0.2376322366941692,0.07649819426410631,250.27272727272725
2025-01-02 09:09:24,0.456300962474316,0.2183357030864399,220.16666666666663
2025-01-02 09:09:25,-0.1912174072713918,-0.20914865774397495,389.0
2025-01-02 09:09:26,0.2148529490832839,0.031045865175869602,265.7
2025-01-02 09:09:27,-0.0133391009696838,-0.1263131373380677,330.25
2025-01-02 09:09:28,0.1813778775035318,-0.11228966747234814,286.5
2025-01-02 09:09:29,0.2102202571030865,-0.11502689126427157,290.78571428571433
2025-01-02 09:09:30,0.1889957367120884,-0.14954944529166503,298.7857142857143
2025-01-02 09:09:31,0.1142864081297169,-0.21910068626180257,318.6428571428571
2025-01-02 09:09:32,-0.0076358622545062,-0.32521868157202105,354.0
2025-01-02 09:09:33,0.0066016607377103,-0.31139495457361144,343.625
2025-01-02 09:09:34,0.0326853971762786,-0.26798525047669064,329.0
2025-01-02 09:09:35,0.013993483183905,-0.26241462288685735,328.875
2025-01-02 09:09:36,-0.0634693634261853,-0.31619266274294255,347.4
2025-01-02 09:09:37,-0.1246746148385872,-0.35857752145633337,360.83333333333337
2025-01-02 09:09:38,-0.2704354679878133,-0.496057401710313,412.7
2025-01-02 09:09:39,-0.3307521863500542,-0.550680324178215,425.2857142857143
2025-01-02 09:09:40,-0.1654999758571225,-0.3027049273774767,332.1875
2025-01-02 09:09:41,-0.1432074939176251,-0.2185594077379549,316.6875
2025-01-02 09:09:42,-0.15227822435413,-0.20160043743319855,316.375
2025-01-02 09:09:43,-0.0589263084383669,-0.10891265273237027,289.5909090909091
2025-01-02 09:09:44,0.0326098126340475,-0.02287349998259569,267.6
2025-01-02 09:09:45,0.0715168798719396,-0.007284334008045068,266.1111111111111
2025-01-02 09:09:46,0.0764177701955117,-0.008510234801933025,266.1363636363636
2025-01-02 09:09:47,0.0810274128737287,-0.0013592164570528364,265.79166666666663
2025-01-02 09:09:48,0.0830343477007371,0.0007890182646226318,265.1470588235294
2025-01-02 09:09:49,0.1025710659731539,0.017489381779437263,260.5882352941177
2025-01-02 09:09:50,0.1132350065483447,0.02955321170516223,258.0769230769231
2025-01-02 09:09:51,0.1136671292523,0.030377638949622643,257.9375
2025-01-02 09:09:52,-0.0016563378142326,-0.06716488771389728,285.0
2025-01-02 09:09:53,-0.1675840969644951,-0.23454779186923358,332.875
2025-01-02 09:09:54,-0.1087027365086921,-0.1816203059817567,305.6
2025-01-02 09:09:55,-0.2579073951879957,-0.31305807378394346,354.27272727272725
2025-01-02 09:09:56,-0.0663511504896369,-0.10249444131840901,279.45
2025-01-02 09:09:57,-0.0533420255321836,-0.047385080221840514,274.33333333333337
2025-01-02 09:09:58,-0.0140212781104622,0.0029372228999848815,263.5
2025-01-02 09:09:59,-0.0078160169719539,0.009508237588879753,262.125
2025-01-02 09:10:00,0.0117336947703534,0.024970180017600763,257.9090909090909
2025-01-02 09:10:01,0.0164478347973495,0.027527456663245298,257.5
2025-01-02 09:10:02,0.0182128856716374,0.03181748424484776,257.7142857142857
2025-01-02 09:10:03,0.0171811987206231,0.02944554087175466,258.5
2025-01-02 09:10:04,0.0184310127363946,0.02498861154156451,258.5
2025-01-02 09:10:05,0.0148382578168365,0.017123945828559695,259.5
2025-01-02 09:10:06,0.0190386431732913,0.01439806437043667,259.5
2025-01-02 09:10:07,0.0496029935036271,0.008708206651355521,262.25
2025-01-02 09:10:08,0.0399151471721698,0.0015885730342921622,264.55555555555554
2025-01-02 09:10:09,0.0381321440809462,-0.004977821056610043,264.83333333333337
2025-01-02 09:10:10,0.0281471929706119,-0.016398956875383508,266.5
2025-01-02 09:10:11,0.0304323855187929,-0.014528006868096632,265.5
2025-01-02 09:10:12,0.0329418096702046,-0.0021051940174996453,264.44117647058823
2025-01-02 09:10:13,0.0334517272577916,0.0028812720965805116,263.83333333333337
2025-01-02 09:10:14,0.0398825909986821,0.008012606174978343,261.7307692307692
2025-01-02 09:10:15,0.0436779831712086,0.014073968500173395,260.3611111111111
2025-01-02 09:10:16,-0.0004567578624528,-0.0235384076634777,270.4
2025-01-02 09:10:17,-0.3007681542650692,-0.3172410439464113,370.4285714285714
2025-01-02 09:10:18,-0.0164828362453065,-0.03325644431044639,263.125
2025-01-02 09:10:19,-0.015555942789783,0.006841325198926551,263.0
2025-01-02 09:10:20,0.0097485364443644,0.027814336744418355,257.1923076923077
2025-01-02 09:10:21,-0.0044576851069469,0.014724367020105156,261.2857142857143
2025-01-02 09:10:22,0.0018103197251182,0.023487499290543834,260.16666666666663
2025-01-02 09:10:23,0.0090806676264382,0.03145563281371411,258.9
2025-01-02 09:10:24,0.0206722317267415,0.03745355192782718,256.83333333333337
2025-01-02 09:10:25,0.02799112671183,0.039770413845548136,256.0
2025-01-02 09:10:26,0.0333513815175051,0.038827112616469206,255.83333333333331
2025-01-02 09:10:27,0.0293322800260389,0.03407366313381743,257.8181818181818
2025-01-02 09:10:28,0.0199178720455314,0.02214295816815759,260.85
2025-01-02 09:10:29,0.0062175406246986,-0.0018740525758049742,264.20833333333337
2025-01-02 09:10:30,0.0014633511098352,-0.010437352356035934,265.1
2025-01-02 09:10:31,-0.0020040136375996,-0.01305425145097594,265.5
2025-01-02 09:10:32,-0.0037389407818447,-0.004953746432892592,265.33333333333337
2025-01-02 09:10:33,-0.0052649941672091,-0.002384031983688528,265.0333333333333
2025-01-02 09:10:34,-0.0109217318388234,-0.00881198679097217,265.75
2025-01-02 09:10:35,-0.0158150880487842,-0.013600741479566247,266.2307692307692
2025-01-02 09:10:36,-0.0247219433450314,-0.022679144991929245,267.8333333333333
2025-01-02 09:10:37,-0.0278070425149059,-0.01779965575935205,267.9666666666667
2025-01-02 09:10:38,-0.0284749411853734,-0.013681972688108557,267.5
2025-01-02 09:10:39,-0.0093904552628258,0.007117499017132767,262.2631578947369
2025-01-02 09:10:40,-0.0063687823365548,0.01120065112268076,261.46875
2025-01-02 09:10:41,-0.0013241236063884,0.01611066688693663,260.3
2025-01-02 09:10:42,0.004834993028376,0.02806854986794538,259.06666666666666
2025-01-02 09:10:43,0.0111641988565724,0.03482433715688171,258.0
2025-01-02 09:10:44,0.0146066198184996,0.03288870509705699,257.8461538461538
2025-01-02 09:10:45,0.0178320061523381,0.03104399961362625,257.95833333333337
2025-01-02 09:10:46,0.0135911712951285,0.022504807302246466,259.75
2025-01-02 09:10:47,0.011011711662489,0.024029568476753527,261.0
2025-01-02 09:10:48,0.0136186164311166,0.022063898955440475,261.17647058823525
2025-01-02 09:10:49,0.0160729916787346,0.01675915961028962,261.4375
2025-01-02 09:10:50,0.0192718270057713,0.014736052848969283,261.5
2025-01-02 09:10:51,0.0213491008271185,0.011186489678610911,261.8181818181818
2025-01-02 09:10:52,0.0207886246894869,0.01048827878994607,262.7058823529412
2025-01-02 09:10:53,0.0189654356986224,0.0069294277418678885,263.6111111111111
2025-01-02 09:10:54,0.0137358039786222,-0.003560562526968125,265.16666666666663
2025-01-02 09:10:55,0.0045935374239043,-0.01441821003582966,267.41666666666663
2025-01-02 09:10:56,0.0057804028445122,-0.017369035127101418,266.97058823529414
2025-01-02 09:10:57,0.0055070410973748,-0.012035621870075897,266.9375
2025-01-02 09:10:58,-0.0068155217627324,-0.02021020928294015,269.7692307692308
2025-01-02 09:10:59,-0.0115935451410692,-0.02825962216928901,270.5
2025-01-02 09:11:00,-0.0140375788235502,-0.030081726845882395,270.5
2025-01-02 09:11:01,-0.0168670968101846,-0.031129406620956424,270.5
2025-01-02 09:11:02,-0.0190831471962816,-0.024513379851934802,270.3
2025-01-02 09:11:03,-0.013274519775718,-0.012845222081306007,268.04545454545456
2025-01-02 09:11:04,-0.0123895302221345,-0.011720948297068157,267.15
2025-01-02 09:11:05,-0.009622790283449,-0.005978369948937967,265.77777777777777
2025-01-02 09:11:06,-0.0107723641583226,-0.00563811328758268,265.6578947368421
2025-01-02 09:11:07,-0.0132598392322985,-0.0016638660202104028,265.875
2025-01-02 09:11:08,-0.0111809802108957,0.002312346544988353,265.0
2025-01-02 09:11:09,-0.0113723194953942,0.0011118675573114079,264.83333333333337
2025-01-02 09:11:10,-0.0088024941125357,0.003843764051797205,263.8888888888889
2025-01-02 09:11:11,-0.0036704388425367,0.005690400535376394,262.8461538461538
2025-01-02 09:11:12,-0.000368721902216,0.013103893799166766,262.34375
2025-01-02 09:11:13,0.0045775071260631,0.01858058659730344,261.5
2025-01-02 09:11:14,0.0099378691844132,0.017802834775387355,260.67857142857144
2025-01-02 09:11:15,0.0154185033336494,0.018892544344928375,259.57894736842104
2025-01-02 09:11:16,0.0084396540660485,0.015401823293759165,261.4166666666667
2025-01-02 09:11:17,0.0081732783532471,0.02172745108323637,261.4090909090909
2025-01-02 09:11:18,0.0059882011385592,0.020883282969537786,261.875
2025-01-02 09:11:19,0.0022082689574191,0.009634863850927822,262.67857142857144
2025-01-02 09:11:20,0.0072396799628941,0.017498085199911362,261.33333333333337
2025-01-02 09:11:21,-0.0123672818409661,-0.004357265515302355,266.0
2025-01-02 09:11:22,-0.0151633344725449,0.00031112177686098974,266.0
2025-01-02 09:11:23,-0.0184889562192194,0.0014042214203140446,266.0
2025-01-02 09:11:24,-0.023249912312412,-0.007028800007658598,266.4
2025-01-02 09:11:25,-0.0106753012562871,0.0036467814446323743,262.7
2025-01-02 09:11:26,-0.0080109696814587,0.008958955702571991,261.83333333333337
2025-01-02 09:11:27,-0.0040950945858207,0.02266081843565937,260.6363636363636
2025-01-02 09:11:28,-0.0053760036863918,0.022795248490420805,260.85
2025-01-02 09:11:29,-0.0050328967217711,0.018386731308789095,260.83333333333337
2025-01-02 09:11:30,-0.0050616113471084,0.015951055103491374,261.0
2025-01-02 09:11:31,-0.0036652503798937,0.01551360181417838,260.85
2025-01-02 09:11:32,0.0072308006104875,0.03153889504165419,258.5625
2025-01-02 09:11:33,0.0153457414927826,0.03730315729500111,257.1538461538462
2025-01-02 09:11:34,0.0159938356806377,0.03355270182351333,257.6428571428571
2025-01-02 09:11:35,0.0098511796385312,0.02297157671424377,259.59375
2025-01-02 09:11:36,0.0077707796774253,0.015130049696187475,260.2352941176471
2025-01-02 09:11:37,0.0130591055968153,0.02774633843545682,258.96875
2025-01-02 09:11:38,0.0099362696467477,0.02845383579055527,259.6363636363636
2025-01-02 09:11:39,0.0007200559960417,0.01559500835610872,261.5625
2025-01-02 09:11:40,-0.0049793475856631,0.006136616472608214,262.58333333333337
2025-01-02 09:11:41,-0.0069088117733555,0.001631233977317681,263.0
2025-01-02 09:11:42,-0.0113884055851536,0.0034960339476766134,263.94444444444446
2025-01-02 09:11:43,-0.0118185544188388,0.004599014523969602,263.83333333333337
2025-01-02 09:11:44,-0.0147643488002435,-0.001129097757821329,264.2777777777778
2025-01-02 09:11:45,-0.0125336933260073,0.0023110224587734596,263.46875
2025-01-02 09:11:46,-0.0043288693926905,0.013129618037774238,261.3
2025-01-02 09:11:47,0.0003836081609208,0.026050068724523534,259.9
2025-01-02 09:11:48,0.0064169234635058,0.03239548690380056,258.29166666666663
2025-01-02 09:11:49,0.014437420294483,0.0327571625602574,256.9090909090909
2025-01-02 09:11:50,0.0145502085275461,0.029564285321296957,257.83333333333337
2025-01-02 09:11:51,0.0002147913277731,0.010729628094957588,262.07142857142856
2025-01-02 09:11:52,0.0046949110575249,0.016158573073586258,261.5
2025-01-02 09:11:53,0.0057443396083438,0.018274736501065147,261.6
2025-01-02 09:11:54,0.0093720625505105,0.017842236776273168,260.88461538461536
2025-01-02 09:11:55,0.005642600195727,0.015427269754890727,261.375
2025-01-02 09:11:56,0.0026555292390971,0.013128709173683362,261.3235294117647
2025-01-02 09:11:57,0.01273512351776,0.03276643899999909,258.20833333333337
2025-01-02 09:11:58,0.0124096454021642,0.03799835292378395,257.7857142857143
2025-01-02 09:11:59,-0.01432191354422,0.005685940763801467,263.6
2025-01-02 09:12:00,-0.0324739995207284,-0.018742849708666798,267.5
2025-01-02 09:12:01,-0.0369312245387012,-0.021326714360215382,267.5
2025-01-02 09:12:02,-0.0404970045530794,-0.015186364290456611,267.5
2025-01-02 09:12:03,-0.0358297433659666,-0.0018931095974983325,265.35
2025-01-02 09:12:04,-0.0305650856167019,0.004839667473915066,263.1538461538462
2025-01-02 09:12:05,-0.006134959644652,0.03239983401108115,256.5769230769231
2025-01-02 09:12:06,0.0088339006531228,0.04800150005228532,253.0
2025-01-02 09:12:07,0.0094663117203163,0.055867406010816856,253.0
2025-01-02 09:12:08,0.0110355284903956,0.06012938199868567,252.66666666666669
2025-01-02 09:12:09,0.0138689558144444,0.060437372104063414,252.0
2025-01-02 09:12:10,-0.0094337420059412,0.03725524777272016,257.38461538461536
2025-01-02 09:12:11,-0.0039052823933422,0.03808032052593302,255.5769230769231
2025-01-02 09:12:12,-0.0156181007162306,0.03465529729059025,257.96153846153845
2025-01-02 09:12:13,-0.0145198128381342,0.03886976941129272,257.10526315789474
2025-01-02 09:12:14,-0.0108743601675197,0.04249804656688183,255.83333333333331
2025-01-02 09:12:15,-0.0107580840555399,0.04236960024672887,255.5
2025-01-02 09:12:16,-0.0109135862456533,0.042487446191685097,255.32142857142856
2025-01-02 09:12:17,-0.0080192872204077,0.0516532260408582,254.6
2025-01-02 09:12:18,-0.0007306285587619,0.05755656003880749,253.26666666666665
2025-01-02 09:12:19,0.0057116592988015,0.057187902355206655,252.4
2025-01-02 09:12:20,0.0212149534189007,0.05731219456430248,252.0
2025-01-02 09:12:21,0.0293698766013886,0.056823103438381484,251.8
2025-01-02 09:12:22,0.0331946716828217,0.06446512226120205,251.5
2025-01-02 09:12:23,0.0356996418617481,0.06533851062957186,251.5
2025-01-02 09:12:24,0.0348136806811509,0.05783969152010693,252.625
2025-01-02 09:12:25,0.0396824003250525,0.05683365527033213,252.5
2025-01-02 09:12:26,0.0401769886817961,0.05344378436258812,253.1578947368421
2025-01-02 09:12:27,0.0351912576740897,0.050284596498280765,254.8333333333333
2025-01-02 09:12:28,0.0205205886419619,0.03478952055785367,258.5
2025-01-02 09:12:29,0.0138156621690274,0.0220089712201601,260.0
2025-01-02 09:12:30,-0.0904189771915424,-0.07833649719068547,287.0454545454545
2025-01-02 09:12:31,-0.036454193089409,-0.033600915015490784,270.29166666666663
2025-01-02 09:12:32,0.0121489016943141,0.02698251425736009,258.03125
2025-01-02 09:12:33,0.0162763626466682,0.03667370605220199,257.79999999999995
2025-01-02 09:12:34,0.0015407608319515,0.012878614722504844,262.03846153846155
2025-01-02 09:12:35,-0.0036620217103528,0.00039963544510324134,263.5
2025-01-02 09:12:36,0.0053335525843265,0.009357485695957068,261.25
2025-01-02 09:12:37,0.0121379074818212,0.02344527955553488,259.55555555555554
2025-01-02 09:12:38,0.0167071307708161,0.030221441855544207,258.5333333333333
2025-01-02 09:12:39,0.0197389570216122,0.030903178593120195,257.875
2025-01-02 09:12:40,0.0016889472320047,0.011549867889904641,262.0357142857143
2025-01-02 09:12:41,0.0215138802990053,0.0004975540115161881,263.7647058823529
2025-01-02 09:12:42,0.0143947144476282,-0.0028006318920743567,265.3076923076923
2025-01-02 09:12:43,0.0084556712234276,-0.00652689631099701,266.1
2025-01-02 09:12:44,0.0045968259382893,-0.01372862884200532,266.5
2025-01-02 09:12:45,0.01022440777303,-0.005910189837774249,264.42857142857144
2025-01-02 09:12:46,0.0169326590518383,0.0043443522362336395,262.3333333333333
2025-01-02 09:12:47,0.0243112077115961,0.022473286645138035,260.1818181818182
2025-01-02 09:12:48,0.0240310057589467,0.02578132647557818,260.0
2025-01-02 09:12:49,0.0270919362831125,0.024778042369003384,259.0
2025-01-02 09:12:50,0.0345790113016868,0.02969538420671536,257.16666666666663
2025-01-02 09:12:51,-0.2241817700594911,-0.2212123329239093,333.375
2025-01-02 09:12:52,-0.0149875180654786,-0.020871838579867186,262.1818181818182
2025-01-02 09:12:53,-0.000577947953375,0.027851520716561495,258.33333333333337
2025-01-02 09:12:54,-0.0092640533639009,0.020561081616065513,260.25
2025-01-02 09:12:55,-0.0043329237796754,0.026559133982982486,258.5
2025-01-02 09:12:56,-0.0072076422289537,0.02638382696462549,258.7647058823529
2025-01-02 09:12:57,0.0006516671031231,0.036830483179545626,257.5
2025-01-02 09:12:58,-0.000707806085256,0.0414509366522271,257.4090909090909
2025-01-02 09:12:59,0.0006369703667001,0.03921079522708526,256.6875
2025-01-02 09:13:00,-0.0051237483767923,0.03404878120621291,257.59090909090907
2025-01-02 09:13:01,-0.0123945539990555,0.026328049792692987,259.16666666666663
2025-01-02 09:13:02,-0.0077003290732032,0.034146875323278314,258.32142857142856
2025-01-02 09:13:03,-0.0032708380952122,0.03999831410791499,257.65
2025-01-02 09:13:04,0.0026822703516628,0.03932303387168279,256.8
2025-01-02 09:13:05,0.0159852765089068,0.04886578821306764,253.9090909090909
2025-01-02 09:13:06,0.0175133040012641,0.047889159560688954,253.96153846153845
2025-01-02 09:13:07,-0.0269857887513012,0.01263134065731153,265.1818181818182
2025-01-02 09:13:08,0.0234743517352214,0.05651211321443261,253.0
2025-01-02 09:13:09,0.0288435590892524,0.05853250283210709,252.92857142857144
2025-01-02 09:13:10,0.0431268468384821,0.06080545711371954,251.79166666666669
2025-01-02 09:13:11,0.0301783098054928,0.04411242528154968,256.0
2025-01-02 09:13:12,0.0076757007110262,0.018238535301584147,262.1
2025-01-02 09:13:13,0.0077050348946647,0.013385000760326227,262.4
2025-01-02 09:13:14,0.0037739757901019,0.00276171905461009,263.61538461538464
2025-01-02 09:13:15,0.0252571035748804,0.022685326962798902,258.7
2025-01-02 09:13:16,0.0289173205411575,0.0249213553343135,258.375
2025-01-02 09:13:17,0.0170396365070434,0.021239801239813616,261.3461538461538
2025-01-02 09:13:18,0.0128928804188551,0.016984241048025206,262.1333333333333
2025-01-02 09:13:19,-0.0039979584096309,-0.0045476061808822354,265.77777777777777
2025-01-02 09:13:20,-0.0477939479785314,-0.050251154905306405,276.05882352941177
2025-01-02 09:13:21,-0.0162114460568068,-0.021818186577834853,266.75
2025-01-02 09:13:22,-0.0149382676052957,-0.007946137611998916,265.96153846153845
2025-01-02 09:13:23,-0.0150656410967144,-0.004049896363385486,265.5
2025-01-02 09:13:24,-0.0175676588529692,-0.009587547426374687,265.5
2025-01-02 09:13:25,-0.0181506836850077,-0.009129273385636738,264.9375
2025-01-02 09:13:26,-0.0200960847102291,-0.009446087911559653,264.5
2025-01-02 09:13:27,-0.0085924322740467,0.015142040519960709,260.875
2025-01-02 09:13:28,-0.0040024210067928,0.025416050596081208,259.2692307692308
2025-01-02 09:13:29,-0.0002056605933301,0.02736627546782544,257.8
2025-01-02 09:13:30,-0.0003568480192599,0.027011480754909112,257.55555555555554
2025-01-02 09:13:31,-0.0210342871985062,0.007188182590205372,262.3571428571429
2025-01-02 09:13:32,-0.0213292368296201,0.016122497075527598,261.5909090909091
2025-01-02 09:13:33,-0.0209368205083186,0.02099155519213114,260.61538461538464
2025-01-02 09:13:34,-0.0169771028687079,0.024774544022451828,258.8571428571429
2025-01-02 09:13:35,-0.015040078149338,0.02846979299318675,257.8666666666667
2025-01-02 09:13:36,-0.0048474074229377,0.04308699124224313,255.05882352941177
2025-01-02 09:13:37,-0.0066048613583324,0.04850201554105871,255.3636363636364
2025-01-02 09:13:38,-0.0063829776709307,0.04882571217049492,255.25
2025-01-02 09:13:39,0.0055405771726526,0.05391727222920428,252.95454545454544
2025-01-02 09:13:40,0.0292780463810998,0.0461421288244348,254.72222222222223
2025-01-02 09:13:41,0.0818056957375046,0.03960718676724473,256.10714285714283
2025-01-02 09:13:42,0.1541682485128565,0.05721694179265113,253.3181818181818
2025-01-02 09:13:43,0.184662756754805,0.0655525453561161,252.0909090909091
2025-01-02 09:13:44,0.1870262181852993,0.06309791698027967,251.89285714285717
2025-01-02 09:13:45,0.1839641505271134,0.055827120555896226,253.125
2025-01-02 09:13:46,0.1858757916423661,0.051668955901111646,253.4
2025-01-02 09:13:47,0.1864877127189158,0.05424570129362705,253.9090909090909
2025-01-02 09:13:48,0.1855362611485311,0.050927255709325214,254.6875
2025-01-02 09:13:49,0.1603978914439908,0.02175992817344219,260.3076923076923
2025-01-02 09:13:50,-0.1145944019144897,-0.23340263021056873,332.96153846153845
2025-01-02 09:13:51,-0.3080282656421516,-0.4659662056991192,404.8888888888889
2025-01-02 09:13:52,-0.3473041079549689,-0.49315692775885456,406.45454545454544
2025-01-02 09:13:53,-0.1749663687382079,-0.21790191589383245,314.8
2025-01-02 09:13:54,0.0182964923204649,0.018662505427345932,255.5
2025-01-02 09:13:55,-0.0009255031827146,0.02097272440530773,260.0
2025-01-02 09:13:56,-0.0072820925091479,0.008489617244268333,261.5
2025-01-02 09:13:57,-0.0064790332357252,0.013682427473507897,261.5
2025-01-02 09:13:58,-0.0052141413398583,0.015171717279717889,261.5
2025-01-02 09:13:59,-0.0036845046285774,0.011504147610072568,261.5
2025-01-02 09:14:00,0.0126841678321678,0.015457492993588229,260.41666666666663
2025-01-02 09:14:01,0.0661054512617013,0.022442713908950473,258.5454545454545
2025-01-02 09:14:02,0.1048291033954726,0.032517623086527614,257.65
2025-01-02 09:14:03,0.1287896504251587,0.03226088297548557,259.09375
2025-01-02 09:14:04,0.157640801755527,0.021784271109553943,260.0416666666667
2025-01-02 09:14:05,0.2102233810486967,0.03490382182859131,255.84615384615384
2025-01-02 09:14:06,0.2222790696854892,0.020418655567983057,259.8636363636364
2025-01-02 09:14:07,0.2240566701255245,0.004121011207761649,263.6
2025-01-02 09:14:08,0.2203972105115896,-0.002679756973905212,264.8076923076923
2025-01-02 09:14:09,0.2181774936718439,-0.011651833609304552,265.5
2025-01-02 09:14:10,0.0969927273562861,-0.11099152106854682,292.25
2025-01-02 09:14:11,-0.182137245843751,-0.373640675153293,377.7142857142857
2025-01-02 09:14:12,-0.1375802247020356,-0.32718875620913934,347.875
2025-01-02 09:14:13,-0.1336028705288667,-0.2793825279010844,337.125
2025-01-02 09:14:14,-0.1810735594149548,-0.31197098017373026,345.76666666666665
2025-01-02 09:14:15,-0.1958252223899336,-0.3050476229562511,341.8076923076923
2025-01-02 09:14:16,-0.2130123565692488,-0.2973135822034889,339.8125
2025-01-02 09:14:17,-0.1645608235572595,-0.21259840235259597,313.9545454545455
2025-01-02 09:14:18,-0.0306494825017478,-0.045306053629236454,269.9
2025-01-02 09:14:19,-0.0250779929305683,-0.020445927766227667,268.05555555555554
2025-01-02 09:14:20,-0.0092555020710979,-0.005532515525842774,263.95000000000005
2025-01-02 09:14:21,0.0047112111402353,0.00792796031211962,260.9375
2025-01-02 09:14:22,0.0161721028047113,0.02507400804959703,258.83333333333337
2025-01-02 09:14:23,0.0237805580165266,0.03297263052167532,257.8235294117647
2025-01-02 09:14:24,0.0331892793150101,0.035525215659574894,256.5
2025-01-02 09:14:25,0.0269311686719628,0.025221555719926014,258.9642857142857
2025-01-02 09:14:26,0.002992317030729,-0.007089434322577581,265.3636363636364
2025-01-02 09:14:27,0.0143927200459437,0.010470161854280624,262.57142857142856
2025-01-02 09:14:28,0.01276360930692,0.009740886849995967,263.27777777777777
2025-01-02 09:14:29,0.0059381275158205,-0.004664634199752493,265.1111111111111
2025-01-02 09:14:30,0.0034217819609493,-0.010759597014202926,265.6875
2025-01-02 09:14:31,-0.0049166829773556,-0.022967068515729272,267.5357142857143
2025-01-02 09:14:32,-0.0056947464845542,-0.014814701180818401,267.3571428571429
2025-01-02 09:14:33,-0.0064070140600684,-0.011746656320305915,267.17857142857144
2025-01-02 09:14:34,-0.0070433526431967,-0.015779720994103963,267.08333333333337
2025-01-02 09:14:35,-0.0107690225551112,-0.021862632246522518,268.21875
2025-01-02 09:14:36,-0.0095057449817622,-0.02211190998007395,267.55555555555554
2025-01-02 09:14:37,0.0001218929148986,0.00029404197659910203,264.5
2025-01-02 09:14:38,-0.0089308876335611,-0.007367732328583454,266.1538461538462
2025-01-02 09:14:39,-0.0092995692728986,-0.01119831414318151,265.58333333333337
2025-01-02 09:14:40,-0.0082235210870029,-0.007093045597877268,264.8
2025-01-02 09:14:41,-0.0046539625098127,-0.004604393215366542,263.77272727272725
2025-01-02 09:14:42,0.0044000933706816,0.0017949327015682748,263.5
2025-01-02 09:14:43,0.0233944007710611,0.003385406340615349,263.5
2025-01-02 09:14:44,0.0192982258687764,-0.004496233311512388,264.4375
2025-01-02 09:14:45,-0.0021125246635449,-0.02742313313964595,269.5
2025-01-02 09:14:46,0.0165856880183121,-0.008119856330729647,264.375
2025-01-02 09:14:47,0.035771433461075,0.022275958728953382,259.70000000000005
2025-01-02 09:14:48,0.0416853877410719,0.030879539398261713,258.6
2025-01-02 09:14:49,0.0420345289431985,0.025009402381360735,258.95
2025-01-02 09:14:50,0.0396595003969948,0.01912122179185527,259.8888888888889
2025-01-02 09:14:51,0.0275511497374614,0.004532843111133111,263.0
2025-01-02 09:14:52,-0.0581823504809702,-0.07039523940896975,284.6428571428571
2025-01-02 09:14:53,-0.1618667942380269,-0.1766016968613089,313.54999999999995
2025-01-02 09:14:54,-0.0029381965552179,-0.01776599653260824,263.2
2025-01-02 09:14:55,-0.005175904834219,0.003352006361220461,263.4
2025-01-02 09:14:56,-0.0043654822335024,0.005221432485020161,262.66666666666663
2025-01-02 09:14:57,-0.0035019083969466,0.013825414458520813,262.0
2025-01-02 09:14:58,-0.0069238095238095,0.012710239251953359,262.5
2025-01-02 09:14:59,-0.011776904310111,0.004844122452864585,263.5
2025-01-02 09:15:00,-0.0129786753411041,0.0028555767875024785,263.5
2025-01-02 09:15:01,-0.0144695942893286,0.0015541076348348781,263.5
2025-01-02 09:15:02,-0.0143613072605466,0.010174517570555874,263.0
2025-01-02 09:15:03,-0.0049161457389307,0.020175494911488734,260.70000000000005
2025-01-02 09:15:04,-9.783889841682364e-05,0.02064282270315121,259.5
2025-01-02 09:15:05,5.202194508564808e-05,0.01818297137776681,259.5
2025-01-02 09:15:06,0.0086770214682836,0.029614632387875428,257.5
2025-01-02 09:15:07,0.0085056864532849,0.03569349240006048,257.625
2025-01-02 09:15:08,0.0050146130465282,0.03307010932804233,258.5
2025-01-02 09:15:09,-0.0127826204580107,0.020473448378794723,260.6428571428571
2025-01-02 09:15:10,-0.0329079898974266,0.019291997501174274,260.33333333333337
2025-01-02 09:15:11,-0.0413547326061084,0.02127071381738399,259.57142857142856
2025-01-02 09:15:12,-0.0361164219769419,0.03370509349258377,258.3571428571429
2025-01-02 09:15:13,-0.0519429801012024,0.014920899990892078,262.6538461538462
2025-01-02 09:15:14,-0.0416181185900002,0.020884209650072316,260.0625
2025-01-02 09:15:15,-0.0403708027756768,0.02114631655911503,259.8888888888889
2025-01-02 09:15:16,-0.039318597868253,0.01941901270715074,259.70833333333337
2025-01-02 09:15:17,-0.0323603460168378,0.030995257203569437,258.44444444444446
2025-01-02 09:15:18,-0.0294635914264254,0.033821682356220295,258.3
2025-01-02 09:15:19,0.074721559291271,0.14397363449736256,235.79166666666669
2025-01-02 09:15:20,0.2654330291030125,0.2875136216604848,204.88461538461536
2025-01-02 09:15:21,0.1409895026565713,0.20287539446814673,230.27777777777777
2025-01-02 09:15:22,0.0087904282716962,0.039918125315955066,260.25
2025-01-02 09:15:23,-0.0023152212866497,0.013206580180535887,262.5
2025-01-02 09:15:24,-0.0020526880635367,0.008683945355751455,262.3461538461538
2025-01-02 09:15:25,0.0012895060064869,0.011984150509343205,261.4666666666667
2025-01-02 09:15:26,0.0072290088048437,0.01267713604801135,260.70833333333337
2025-01-02 09:15:27,-0.0042427171927171,0.004578984367541894,264.2857142857143
2025-01-02 09:15:28,-0.0062008956517247,0.0016798162368110159,264.38461538461536
2025-01-02 09:15:29,-0.0043044819565731,0.00441832883640636,263.0
2025-01-02 09:15:30,-0.0090573920781102,0.0008736601695789048,263.45833333333337
2025-01-02 09:15:31,-0.0156944033500368,-0.008688123174666718,265.0454545454545
2025-01-02 09:15:32,0.013307382758087,0.027950339685115955,258.1818181818182
2025-01-02 09:15:33,0.0258172894033001,0.04164964202824617,256.04545454545456
2025-01-02 09:15:34,0.0065711439612011,0.017989872682646624,261.5
2025-01-02 09:15:35,0.0091685677710267,0.014115946482866182,261.42857142857144
2025-01-02 09:15:36,-0.0181850446649403,-0.02415418877450448,268.6
2025-01-02 09:15:37,-0.0242018629518628,-0.030565781743560505,270.0
2025-01-02 09:15:38,0.0153884585481037,0.017664309304861625,260.1923076923077
2025-01-02 09:15:39,0.0444337309391841,0.045425942130909336,254.22727272727275
2025-01-02 09:15:40,0.0437537945854972,0.043504113853736426,255.5
2025-01-02 09:15:41,0.014549236505195,0.005665243110244633,263.1818181818182
2025-01-02 09:15:42,0.0098810271126656,-0.00498633354913558,265.5
2025-01-02 09:15:43,0.0240288948465892,-0.011140427835786504,266.42857142857144
2025-01-02 09:15:44,0.0324556751416835,-0.019644612406412465,267.125
2025-01-02 09:15:45,0.0313246265676172,-0.024509784754018993,267.5
2025-01-02 09:15:46,0.0316984583433183,-0.026157597694528523,267.5
2025-01-02 09:15:47,0.031898725366015,-0.02019689940277325,267.5
2025-01-02 09:15:48,0.0325840836214668,-0.018322778932342576,267.5
2025-01-02 09:15:49,0.036158849976607,-0.022066243537236074,267.5
2025-01-02 09:15:50,0.0597824200970654,-0.021470455014140244,267.05555555555554
2025-01-02 09:15:51,0.067957909820011,-0.01940814450116446,266.5
2025-01-02 09:15:52,0.0278996020297421,-0.052186741292935324,276.625
2025-01-02 09:15:53,-0.1059597566176513,-0.18062176315132183,313.5
2025-01-02 09:15:54,-0.0639786039524891,-0.15054954420238986,296.76666666666665
2025-01-02 09:15:55,0.0367032665151484,-0.041731956173650664,268.3461538461538
2025-01-02 09:15:56,0.0355336640392506,-0.02929527565841461,268.5
2025-01-02 09:15:57,0.0348341534365361,-0.021100720433139042,268.0357142857143
2025-01-02 09:15:58,0.0266762086090425,-0.028771031664825752,269.33333333333337
2025-01-02 09:15:59,-0.0077751262255601,-0.06099746760943647,277.0625
2025-01-02 09:16:00,-0.1753653623570339,-0.22291311796782165,325.53846153846155
2025-01-02 09:16:01,-0.0569527575438458,-0.10673209066633582,282.4
2025-01-02 09:16:02,-0.0314250258773927,-0.050317360855096194,273.94444444444446
2025-01-02 09:16:03,-0.0304616023690386,-0.039482081173133565,272.8888888888889
2025-01-02 09:16:04,-0.028575567992787,-0.03822435181017547,271.75
2025-01-02 09:16:05,-0.0337117916830049,-0.04298940611679858,272.5
2025-01-02 09:16:06,-0.0138301401944212,-0.021880812776984726,266.9545454545455
2025-01-02 09:16:07,0.0112437115584436,0.010098057794410753,261.3529411764706
2025-01-02 09:16:08,0.017688970126778,0.017288981221510014,260.7894736842105
2025-01-02 09:16:09,0.0216929583356978,0.01247652770666896,260.9642857142857
2025-01-02 09:16:10,0.0265222663569184,0.011145106676592631,260.95833333333337
2025-01-02 09:16:11,0.0308768580629447,0.008453202182247432,261.0625
2025-01-02 09:16:12,0.0221006126985977,0.002028830510672597,264.1363636363636
2025-01-02 09:16:13,0.018660080897565,-0.0026904334653317097,265.2941176470588
2025-01-02 09:16:14,0.0174088802909131,-0.010432255669045265,265.8333333333333
2025-01-02 09:16:15,0.01971184733858,-0.014298836479366583,265.7894736842105
2025-01-02 09:16:16,0.0182983759359905,-0.0205078176022484,266.44444444444446
2025-01-02 09:16:17,-0.0023457189668074,-0.03517298266824298,271.6428571428571
2025-01-02 09:16:18,-0.0045898382603053,-0.036447305111678485,271.9
2025-01-02 09:16:19,-0.0109932285791076,-0.04604168601526393,273.1923076923077
2025-01-02 09:16:20,-0.0139340321470119,-0.05004978588336417,273.5
2025-01-02 09:16:21,-0.0157621857119114,-0.051556512636280916,273.5
2025-01-02 09:16:22,-0.0146688260652103,-0.04171933913355286,272.6428571428571
2025-01-02 09:16:23,0.0005769313605134,-0.022032544065609283,268.0
2025-01-02 09:16:24,-0.0016957959122138,-0.022782030302554546,268.0
2025-01-02 09:16:25,-0.018606137682575,-0.038258917207989684,271.4642857142857
2025-01-02 09:16:26,-0.0148453611858545,-0.030072381886941946,269.3571428571429
2025-01-02 09:16:27,-0.015424809000228,-0.016678295829502865,268.5
2025-01-02 09:16:28,-0.0185627281104925,-0.014580266564767408,268.3636363636364
2025-01-02 09:16:29,-0.0235947865131017,-0.020328276012300694,268.5625
2025-01-02 09:16:30,-0.0329785117634279,-0.02198584698944006,268.5
2025-01-02 09:16:31,-0.0492843776852157,-0.02315146159626602,268.5
2025-01-02 09:16:32,-0.0559391747953152,-0.010801424541232896,267.1875
2025-01-02 09:16:33,-0.0549815800039833,0.00748776839973786,263.1111111111111
2025-01-02 09:16:34,-0.0645595189699691,0.008394116921707218,261.9090909090909
2025-01-02 09:16:35,-0.0552471885802995,0.016815674196234198,260.1428571428571
2025-01-02 09:16:36,-0.0373550175259085,0.02345952903038606,258.8076923076923
2025-01-02 09:16:37,-0.0017153071862082,0.03130333882485026,258.5
2025-01-02 09:16:38,0.042484892081845,0.03436930233988944,258.6
2025-01-02 09:16:39,0.0910514764824961,0.03565667483815882,257.0
2025-01-02 09:16:40,0.2086766922760733,0.10751033646172514,242.69444444444449
2025-01-02 09:16:41,0.339343408942172,0.20016974254131203,224.71875
2025-01-02 09:16:42,0.2955611261119427,0.15965475786305428,236.92857142857144
2025-01-02 09:16:43,0.3721302750941492,0.1988127929442285,227.1470588235294
2025-01-02 09:16:44,0.401803857827935,0.21284852245754649,225.4642857142857
2025-01-02 09:16:45,0.1803380734397391,0.03322463810778031,267.8461538461538
2025-01-02 09:16:46,0.0720336633926376,-0.11425160578658056,292.5
2025-01-02 09:16:47,-0.121643138740454,-0.29184684081998413,347.66666666666663
2025-01-02 09:16:48,-0.212529012843268,-0.3919641580292641,373.9
2025-01-02 09:16:49,-0.2218375642781219,-0.38276628204441754,365.1363636363636
2025-01-02 09:16:50,-0.2664656870038597,-0.39830260172223464,372.08333333333337
2025-01-02 09:16:51,-0.1072691420202857,-0.19025779734183157,301.08333333333337
2025-01-02 09:16:52,-0.1030023874415906,-0.14037412447837738,296.72727272727275
2025-01-02 09:16:53,-0.0196908684073145,-0.05390308426696677,274.3461538461538
2025-01-02 09:16:54,0.0073999828737143,-0.02344825637773096,269.27777777777777
2025-01-02 09:16:55,0.0172196832801567,-0.020853768011930063,268.7692307692308
2025-01-02 09:16:56,0.0449361729674548,-0.014174731387825323,266.70833333333337
2025-01-02 09:16:57,0.0669197851502213,-0.003748196008311888,265.72222222222223
2025-01-02 09:16:58,0.0901863752097267,0.0029846652508902505,264.5
2025-01-02 09:16:59,0.1087083116238728,0.0096357481671836,262.1363636363636
2025-01-02 09:17:00,0.1228456422984057,0.01640192110720018,260.0882352941177
2025-01-02 09:17:01,0.1305601648362569,0.01684533888913542,259.5882352941177
2025-01-02 09:17:02,0.0862070498061352,-0.01979562901711751,270.5
2025-01-02 09:17:03,-0.037550862245376,-0.1339433201957576,302.15
2025-01-02 09:17:04,-0.0160951193075869,-0.09916942312512345,292.54166666666663
2025-01-02 09:17:05,-0.0170981945869402,-0.1065087912811804,290.03846153846155
2025-01-02 09:17:06,-0.1260813530175804,-0.21186080891354275,319.66666666666663
2025-01-02 09:17:07,-0.1261943893190224,-0.20242676014530736,313.83333333333337
2025-01-02 09:17:08,-0.1196613605365917,-0.19552800798156933,313.0
2025-01-02 09:17:09,-0.0333560132590335,-0.10501342452309648,284.92105263157896
2025-01-02 09:17:10,0.0071210002634404,-0.05418376167982064,274.15
2025-01-02 09:17:11,0.0094363341443631,-0.048946320992955705,274.0
2025-01-02 09:17:12,0.0107079107505069,-0.04353419284668103,273.8888888888889
2025-01-02 09:17:13,0.0191973039215687,-0.034078256458028644,272.0
2025-01-02 09:17:14,0.0595244134432465,1.143347274457085e-05,262.83333333333337
2025-01-02 09:17:15,0.065226984126984,0.004712805539024423,262.5
2025-01-02 09:17:16,0.0692493930905694,0.0036191337277886593,262.5
2025-01-02 09:17:17,0.0719160597572361,0.009601958680555356,262.5
2025-01-02 09:17:18,-0.1556929123207792,-0.20457225853081362,326.1666666666667
2025-01-02 09:17:19,-0.0360859263202283,-0.10986870233782398,283.6333333333333
2025-01-02 09:17:20,-0.0340881185488155,-0.08252141315774653,281.0
2025-01-02 09:17:21,-0.0327271774496731,-0.07367291073854187,278.83333333333337
2025-01-02 09:17:22,-0.0287194979627769,-0.05298600544785548,276.25
2025-01-02 09:17:23,-0.0326533794956107,-0.04680735581141282,276.0
2025-01-02 09:17:24,-0.0350711065388113,-0.047718319786315355,275.4
2025-01-02 09:17:25,-0.0337981573927945,-0.044001078056482124,273.9375
2025-01-02 09:17:26,-0.0341896610498506,-0.04322145082822315,273.05882352941177
2025-01-02 09:17:27,-0.0236622081399993,-0.024777545289031977,269.5
2025-01-02 09:17:28,-0.0126296376329517,-0.00878982832836428,266.2352941176471
2025-01-02 09:17:29,-0.0028737312226506,-0.0012375674998030828,263.76666666666665
2025-01-02 09:17:30,0.0084401466711539,0.009723509358537274,261.2307692307692
2025-01-02 09:17:31,0.0080840475280671,0.008109855082860662,261.70000000000005
2025-01-02 09:17:32,0.0063491559266652,0.011136413717171223,262.33333333333337
2025-01-02 09:17:33,0.0051889613920608,0.009931528361020181,262.7142857142857
2025-01-02 09:17:34,0.0044976986407933,0.005098338630805221,262.9375
2025-01-02 09:17:35,0.0033010995650446,0.0013087892919110278,263.3125
2025-01-02 09:17:36,0.0032196867016601,-0.0019728914439258727,263.5
2025-01-02 09:17:37,0.0037889466637094,0.00417575940043835,263.5
2025-01-02 09:17:38,0.0033811455228289,0.0037067573708708945,263.7333333333333
2025-01-02 09:17:39,-0.0022157317772593,-0.0053663812705404546,265.125
2025-01-02 09:17:40,-0.0041021188478817,-0.011047437821982253,265.5
2025-01-02 09:17:41,-0.0051434393308771,-0.012328020513146853,265.5
2025-01-02 09:17:42,-0.0011126175735562,0.0009227163583709341,264.16666666666663
2025-01-02 09:17:43,0.0003472493016528,0.005409245929798079,263.5
2025-01-02 09:17:44,-3.227404182238344e-05,0.001980101803415568,263.3636363636364
2025-01-02 09:17:45,-0.0021628483352992,-0.002734040254699588,263.92857142857144
2025-01-02 09:17:46,-0.0066961635805685,-0.012114668093980763,265.16666666666663
2025-01-02 09:17:47,-0.0054183237221528,-0.006418910741300188,265.0
2025-01-02 09:17:48,-0.0037202105146056,-0.004141465867729899,265.0
2025-01-02 09:17:49,0.0011482684121672,-0.002968597953598051,264.25
2025-01-02 09:17:50,0.0032046042434029,-0.003580510285042804,264.2333333333333
2025-01-02 09:17:51,0.0112274390224128,0.00044688342507992473,262.7352941176471
2025-01-02 09:17:52,0.0184673623069721,0.011577153621998404,261.55
2025-01-02 09:17:53,0.0243224369333215,0.01851102204289612,260.6875
2025-01-02 09:17:54,0.0247961888048095,0.01416787480795434,261.0
2025-01-02 09:17:55,0.0132047039981429,-2.841707595391263e-05,263.95454545454544
2025-01-02 09:17:56,0.0065536237146406,-0.009567955658901006,265.5
2025-01-02 09:17:57,0.0007489848531664,-0.012766860404198166,266.7307692307692
2025-01-02 09:17:58,-0.0116035093539731,-0.028020488309834723,269.5
2025-01-02 09:17:59,-0.0141457061702093,-0.03225562924766745,269.6428571428571
2025-01-02 09:18:00,-0.015911310396468,-0.0323784937160414,269.5
2025-01-02 09:18:01,-0.0159668812452497,-0.02847296048634851,268.7857142857143
2025-01-02 09:18:02,-0.0176820184781077,-0.02092996349766607,268.5
2025-01-02 09:18:03,-0.0154620909346422,-0.011897805308991538,267.16666666666663
2025-01-02 09:18:04,-0.0104219334546625,-0.005370772279161162,265.4375
2025-01-02 09:18:05,-0.0042819281293418,0.003356967798856081,263.6363636363636
2025-01-02 09:18:06,-0.0046809010091742,0.0036788905247491233,263.5
2025-01-02 09:18:07,-0.006027138857311,0.008727003609483086,263.6363636363636
2025-01-02 09:18:08,-0.0098603312026876,0.00862177572895284,263.9230769230769
2025-01-02 09:18:09,-0.0147588646003673,0.0013518978316235941,264.20000000000005
2025-01-02 09:18:10,-0.0136935140281657,0.003427242929831431,263.3333333333333
2025-01-02 09:18:11,-0.0081342675905817,0.011010512854005228,261.6071428571429
2025-01-02 09:18:12,-0.0074529447039823,0.01857746624205836,261.08333333333337
2025-01-02 09:18:13,-0.0042089403651903,0.02559530055778758,260.0
2025-01-02 09:18:14,-0.0123577571031016,0.013632342808531872,261.79166666666663
2025-01-02 09:18:15,-0.0155405197008249,0.010280097251387676,262.0
2025-01-02 09:18:16,-0.015020117610647,0.01238534523195911,261.0909090909091
2025-01-02 09:18:17,-0.0175930147200864,0.0169189521549733,261.44444444444446
2025-01-02 09:18:18,0.0009661696718801,0.04062469254907297,256.65625
2025-01-02 09:18:19,0.0130368753621706,0.0489409808117478,254.0
2025-01-02 09:18:20,-2.998667352312905e-05,0.033553448564850985,257.6
2025-01-02 09:18:21,-0.0051212455336912,0.02580461932322775,259.125
2025-01-02 09:18:22,0.0019810760067877,0.03899348418857551,257.66666666666663
2025-01-02 09:18:23,0.0019070403783315,0.04086849880256627,257.6818181818182
2025-01-02 09:18:24,-0.003252441035542,0.032598354826893994,258.3
2025-01-02 09:18:25,0.0052009630354981,0.04316991896106526,255.71875
2025-01-02 09:18:26,0.0136348168596689,0.052457305298955204,253.5
2025-01-02 09:18:27,-0.0068302630754219,0.03575603705678421,258.2
2025-01-02 09:18:28,-0.004656749955584,0.03959239257939373,257.25
2025-01-02 09:18:29,-0.0104819498934501,0.03181560437666309,258.07142857142856
2025-01-02 09:18:30,-0.0228019300621412,0.01779372838727422,260.4090909090909
2025-01-02 09:18:31,-0.0289532876190984,0.011913084225594783,261.18181818181813
2025-01-02 09:18:32,-0.0325533470513549,0.015425232445155146,261.4583333333333
2025-01-02 09:18:33,-0.0175747567052668,0.03523142529069978,257.6428571428572
2025-01-02 09:18:34,0.0124081484209219,0.06450838579055129,251.16666666666669
2025-01-02 09:18:35,0.0133753070917726,0.06401334276459592,251.6071428571429
2025-01-02 09:18:36,0.0104107568868877,0.05690293813196079,252.57692307692307
2025-01-02 09:18:37,0.0514615547495983,0.062143810344358785,253.0
2025-01-02 09:18:38,0.068807425566582,0.06134052375702792,253.40625
2025-01-02 09:18:39,0.1197684142224944,0.06600355660934598,251.2142857142857
2025-01-02 09:18:40,0.1417636679807351,0.06607100966999457,251.4583333333333
2025-01-02 09:18:41,0.1585741649511438,0.06128955828195237,252.66666666666669
2025-01-02 09:18:42,0.1700624365568498,0.05522348289845436,254.73076923076923
2025-01-02 09:18:43,0.1677566288246635,0.03258495704816089,259.32142857142856
2025-01-02 09:18:44,0.1690233165266453,0.007617694454613133,262.85
2025-01-02 09:18:45,0.2037825096674227,0.026310929074715883,258.5
2025-01-02 09:18:46,0.2319412700190731,0.04544411704610485,254.91666666666663
2025-01-02 09:18:47,-0.1457798723951577,-0.2897743265846937,361.1333333333333
2025-01-02 09:18:48,0.0227893537927795,-0.18458175229945106,301.6333333333333
2025-01-02 09:18:49,-0.1567348438443455,-0.31309921673326047,355.8076923076923
2025-01-02 09:18:50,-0.0499507941349621,-0.2042275804966347,309.5
2025-01-02 09:18:51,-0.0523340282798101,-0.18214989157840966,308.9375
2025-01-02 09:18:52,-0.0503688125754114,-0.17216577166150815,307.9090909090909
2025-01-02 09:18:53,-0.0489820225911232,-0.16859707125388246,307.05555555555554
2025-01-02 09:18:54,-0.0524126703814204,-0.17445079816356412,307.38461538461536
2025-01-02 09:18:55,-0.02157977526675,-0.1445305475307639,297.5
2025-01-02 09:18:56,0.0238982639577745,-0.0933755549087325,283.5625
2025-01-02 09:18:57,-0.0609626894785062,-0.15454885123004702,305.58333333333337
2025-01-02 09:18:58,-0.0596356108000225,-0.14366359048996724,301.8333333333333
2025-01-02 09:18:59,0.0466124055463956,-0.0324081176567268,271.1363636363636
2025-01-02 09:19:00,0.1443588734245047,0.06345761866190491,249.5
2025-01-02 09:19:01,-0.0467575098722947,-0.09789537154083239,296.2307692307692
2025-01-02 09:19:02,-0.0852743400808224,-0.1572244011136772,304.2142857142857
2025-01-02 09:19:03,-0.0951901138252576,-0.15531933465781322,303.20833333333337
2025-01-02 09:19:04,-0.0973194852880849,-0.1526831571006415,299.96875
2025-01-02 09:19:05,-0.0897761760005985,-0.14291830796261995,295.5625
2025-01-02 09:19:06,-0.0154239517787363,-0.07193285800205129,276.1538461538462
2025-01-02 09:19:07,0.0096704951444675,-0.03922591833983202,271.7333333333333
2025-01-02 09:19:08,0.0229261836293489,-0.031308004155822466,270.625
2025-01-02 09:19:09,0.0317386747170305,-0.034518029484899904,270.54999999999995
2025-01-02 09:19:10,0.0525189309318605,-0.01869064687393296,266.92857142857144
2025-01-02 09:19:11,0.0618730691388936,-0.007921263540501489,264.8529411764706
2025-01-02 09:19:12,0.0695366116301041,0.006030659024751417,263.1428571428571
2025-01-02 09:19:13,0.0668165002574129,0.0022507934921744965,263.94117647058823
2025-01-02 09:19:14,0.0653903152467771,-0.006254990625303103,264.2692307692308
2025-01-02 09:19:15,0.00691734022645,-0.060736672291039406,278.08333333333337
2025-01-02 09:19:16,-0.0954692458724296,-0.16115146863924523,304.8181818181818
2025-01-02 09:19:17,-0.0800203598976373,-0.14127101285286758,296.4
2025-01-02 09:19:18,-0.0851874057717051,-0.13124505334454928,295.30769230769226
2025-01-02 09:19:19,-0.0878935120506002,-0.12797922117232408,293.625
2025-01-02 09:19:20,-0.0666768100628175,-0.09833030472590365,285.0333333333333
2025-01-02 09:19:21,-0.0071437909738761,-0.03210668753006929,267.78125
2025-01-02 09:19:22,0.0034066631087188,-0.004458447011363775,265.15
2025-01-02 09:19:23,0.0036332518781632,-0.0025780669426520575,265.3
2025-01-02 09:19:24,0.0099579610730179,-0.001281686138777438,264.0
2025-01-02 09:19:25,0.0171696360821778,0.0032594461425639043,262.6538461538462
2025-01-02 09:19:26,0.0223913036914139,0.005356802231747171,261.9230769230769
2025-01-02 09:19:27,0.0073865152587603,-0.005584074809419803,266.0454545454545
2025-01-02 09:19:28,-0.0078840087381755,-0.028504562385702537,270.0
2025-01-02 09:19:29,-0.0090538811743225,-0.03621374666496746,270.2857142857143
2025-01-02 09:19:30,0.0034866614000972,-0.020865794622969114,267.1428571428571
2025-01-02 09:19:31,0.0082248060597188,-0.015292620253336775,266.1818181818182
2025-01-02 09:19:32,0.0047607191497641,-0.01395432783914119,267.0
2025-01-02 09:19:33,0.0029576858418742,-0.01588764984276958,267.40625
2025-01-02 09:19:34,0.0016577326403593,-0.021341408079980306,267.65
2025-01-02 09:19:35,-0.0007298267652744,-0.025618433670739238,268.0
2025-01-02 09:19:36,-0.0030378167513032,-0.028313746736763123,268.16666666666663
2025-01-02 09:19:37,-0.0050415858286071,-0.021793845356602448,268.27272727272725
2025-01-02 09:19:38,-0.0073693797227902,-0.02312645380741718,268.6071428571429
2025-01-02 09:19:39,-0.0134335243395285,-0.03473611843499036,269.95833333333337
2025-01-02 09:19:40,-0.0123122764681205,-0.035690161474065896,269.5
2025-01-02 09:19:41,-0.011811227350889,-0.035123646011888,269.15
2025-01-02 09:19:42,-0.0001358447317094,-0.011397105191402579,266.0
2025-01-02 09:19:43,-0.00170191136988,-0.011082922146353313,266.66666666666663
2025-01-02 09:19:44,0.0001659089972347,-0.01622506423027703,266.61538461538464
2025-01-02 09:19:45,0.0080788519711461,-0.009606730344041914,265.1071428571429
2025-01-02 09:19:46,0.0164683443757544,-0.0038637963480159243,263.6428571428571
2025-01-02 09:19:47,0.0180319626559076,0.002250490121350035,263.9545454545455
2025-01-02 09:19:48,0.0133809421972381,-0.004270101139493443,265.6818181818182
2025-01-02 09:19:49,0.0099259347082381,-0.015319526534669947,267.0
2025-01-02 09:19:50,0.0077300490243588,-0.02173602342733827,268.0
2025-01-02 09:19:51,0.0131312430742919,-0.019839767923311324,267.04166666666663
2025-01-02 09:19:52,0.0187566842311,-0.008815509699486412,265.92857142857144
2025-01-02 09:19:53,0.0055101681991268,-0.020939670288649292,269.15625
2025-01-02 09:19:54,-0.0038483721422548,-0.032521236360437245,271.08333333333337
2025-01-02 09:19:55,-0.005957349333733,-0.03508237527096192,271.0
2025-01-02 09:19:56,-0.0082899798028948,-0.036252633080072316,271.0
2025-01-02 09:19:57,-0.0116274192359852,-0.03174082050985483,271.25
2025-01-02 09:19:58,-0.0133723362903927,-0.030440958251684025,270.9090909090909
2025-01-02 09:19:59,-0.0174708503516232,-0.03681544337824261,271.1333333333333
2025-01-02 09:20:00,-0.025231877500581,-0.04499383342372787,272.2142857142857
2025-01-02 09:20:01,-0.0275660091574781,-0.04660309409899277,271.8076923076923
2025-01-02 09:20:02,-0.0187944155152732,-0.031149518592313186,269.6111111111111
2025-01-02 09:20:03,-0.005064665839559,-0.01491645373390127,266.38461538461536
2025-01-02 09:20:04,0.0033402364718178,-0.010486146577395994,265.0909090909091
2025-01-02 09:20:05,0.0095531555695496,-0.007212821075585296,264.4545454545455
2025-01-02 09:20:06,0.0124093623416169,-0.007826027798758295,264.67857142857144
2025-01-02 09:20:07,0.0159400118531688,-0.001599557532219631,264.67647058823525
2025-01-02 09:20:08,0.026615933412604,0.009412104246404374,262.8125
2025-01-02 09:20:09,0.0317497139951696,0.0080965510113018,262.2333333333333
2025-01-02 09:20:10,0.0365817544976913,0.007577750687739915,261.70833333333337
2025-01-02 09:20:11,0.0402517527087315,0.008702867570959949,261.5
2025-01-02 09:20:12,-0.0004505332842954,-0.02917521920349997,271.9
2025-01-02 09:20:13,0.0010474259737069,-0.02900148285356008,271.3
2025-01-02 09:20:14,-0.012747419550698,-0.05271420757238032,274.5
2025-01-02 09:20:15,-0.0149332119004251,-0.05573161889156264,274.5
2025-01-02 09:20:16,-0.0160261080752885,-0.05706996213274618,274.5
2025-01-02 09:20:17,-0.0152524330900243,-0.04959752921287586,274.0
2025-01-02 09:20:18,-0.0087245648443245,-0.03893008260259956,271.93333333333334
2025-01-02 09:20:19,-0.0011361422019438,-0.029189984015166592,269.75
2025-01-02 09:20:20,0.001780868445986,-0.027303981956457335,268.9375
2025-01-02 09:20:21,0.0016181912440337,-0.029467780481841732,268.9375
2025-01-02 09:20:22,0.0001328334517321,-0.027348925718563066,269.4166666666667
2025-01-02 09:20:23,0.0009248392988027,-0.027419191433327272,269.3666666666667
2025-01-02 09:20:24,0.004638054253439,-0.028529827332077318,268.66666666666663
2025-01-02 09:20:25,0.0058203249264701,-0.02990543435691051,268.5
2025-01-02 09:20:26,-0.0057771372274135,-0.04377296655133045,271.5
2025-01-02 09:20:27,-0.0050144591765166,-0.036571437702612286,271.2
2025-01-02 09:20:28,0.002453881205428,-0.02636569819099588,269.33333333333337
2025-01-02 09:20:29,0.0076686780449489,-0.02617057752203178,268.5769230769231
2025-01-02 09:20:30,0.009689403338597,-0.030087583694833997,268.66666666666663
2025-01-02 09:20:31,0.0127370069409175,-0.030963511310520886,268.5
2025-01-02 09:20:32,0.0080831110470283,-0.030440412970399677,270.2142857142857
2025-01-02 09:20:33,0.0066363756170028,-0.03182441348927911,271.0
2025-01-02 09:20:34,0.0055532248039777,-0.03996560499064561,271.6363636363636
2025-01-02 09:20:35,0.0135363756613754,-0.03391200659215854,270.0
2025-01-02 09:20:36,0.0146141898813654,-0.033796068179324124,270.1875
2025-01-02 09:20:37,0.0159896934460886,-0.027438487050321703,270.2857142857143
2025-01-02 09:20:38,0.0153022611905859,-0.029227880272478357,270.875
2025-01-02 09:20:39,-0.000169696969697,-0.057665074541091155,275.0
2025-01-02 09:20:40,-0.0007151515151514,-0.062162847822928136,275.0
2025-01-02 09:20:41,-0.0012606060606061,-0.06146532974487684,275.0
2025-01-02 09:20:42,-0.0022151515151515,-0.05537114291283052,275.0
2025-01-02 09:20:43,-0.0039294372294373,-0.053945911348715514,275.0
2025-01-02 09:20:44,-0.0058273182046355,-0.058421616663518305,275.1
2025-01-02 09:20:45,-0.0074994374340066,-0.059425104213225666,275.1
2025-01-02 09:20:46,-0.0088528138528138,-0.060316139349966935,275.0
2025-01-02 09:20:47,-0.010085137085137,-0.05347376595348918,275.0
2025-01-02 09:20:48,-0.0107297651843106,-0.0533574821871885,275.0
2025-01-02 09:20:49,-0.0085018909806273,-0.05449483113331177,274.33333333333337
2025-01-02 09:20:50,-0.0052980576198124,-0.054547954455920644,273.5
2025-01-02 09:20:51,-0.0048958638355347,-0.054584533922597656,273.5
2025-01-02 09:20:52,0.0005451353500918,-0.042608640064320635,272.375
2025-01-02 09:20:53,0.0103934295385141,-0.03131599264049445,270.2857142857143
2025-01-02 09:20:54,0.0100873458695333,-0.03546575847683009,270.875
2025-01-02 09:20:55,0.0132688650433567,-0.035980785761623,270.5
2025-01-02 09:20:56,0.0155317835206841,-0.036803074047137674,270.2857142857143
2025-01-02 09:20:57,0.0113084890155865,-0.03538332585708148,271.6111111111111
2025-01-02 09:20:58,0.0050341955499167,-0.03838162022484237,273.22727272727275
2025-01-02 09:20:59,0.001708060061173,-0.04650137496620399,273.85
2025-01-02 09:21:00,-0.000454581914436,-0.04886064804889445,274.0
2025-01-02 09:21:01,-0.0053834866881117,-0.053474576989140044,274.6
2025-01-02 09:21:02,-0.0142329907411429,-0.05594668308542383,276.0
2025-01-02 09:21:03,-0.017783715378824,-0.055405999696784614,276.0
2025-01-02 09:21:04,-0.0211049714174714,-0.06067173418978977,276.0
2025-01-02 09:21:05,-0.0214447834098652,-0.05741678301558295,275.3181818181818
2025-01-02 09:21:06,-0.0202164395912641,-0.05471406500099163,274.2307692307692
2025-01-02 09:21:07,-0.0207125385579333,-0.04590413649858838,273.6
2025-01-02 09:21:08,-0.0189898551893832,-0.03680278295924233,272.42857142857144
2025-01-02 09:21:09,-0.0149913831555897,-0.034847441291919745,271.0
2025-01-02 09:21:10,-0.0104608638614916,-0.03123702253232663,269.5769230769231
2025-01-02 09:21:11,-0.0008612824105451,-0.021936431455972016,267.0625
2025-01-02 09:21:12,0.0060964025512048,-0.006813880179604492,265.5
2025-01-02 09:21:13,0.004213643127054,-0.007706454518568329,266.2
2025-01-02 09:21:14,0.0020050161165089,-0.016053572478439415,266.83333333333337
2025-01-02 09:21:15,-0.0016217707065957,-0.02374853977757274,267.70833333333337
2025-01-02 09:21:16,0.0028987717968518,-0.023114255442122866,266.95833333333337
2025-01-02 09:21:17,0.0084695686950796,-0.012496501984516462,266.0625
2025-01-02 09:21:18,0.0122547715997744,-0.009238007158177464,265.65
2025-01-02 09:21:19,0.0052744955478655,-0.020488776110363593,267.82142857142856
2025-01-02 09:21:20,0.0066625586639168,-0.022348049196718955,267.77272727272725
2025-01-02 09:21:21,0.007451576484163,-0.020332255296984902,267.8181818181818
2025-01-02 09:21:22,0.0059774952301605,-0.0199248982302469,268.3611111111111
2025-01-02 09:21:23,0.0071126097717723,-0.01798414813076521,268.2307692307692
2025-01-02 09:21:24,0.0114425365547698,-0.01818423371545852,267.3
2025-01-02 09:21:25,0.0144892790994253,-0.017703955281556105,266.76666666666665
2025-01-02 09:21:26,-0.0038883584938825,-0.03659853689547088,271.53846153846155
2025-01-02 09:21:27,-0.0056725904555987,-0.03521284880825659,271.9
2025-01-02 09:21:28,-0.0052871836157741,-0.03321219317698376,271.54545454545456
2025-01-02 09:21:29,-0.0048418448747787,-0.0349775454782566,271.1071428571429
2025-01-02 09:21:30,-0.0065833479763369,-0.035870156992131585,271.0
2025-01-02 09:21:31,-0.006680413278934,-0.035149869833000835,270.3888888888889
2025-01-02 09:21:32,-0.0073532787011248,-0.0270794989199441,269.875
2025-01-02 09:21:33,-0.0091103387359506,-0.026085069094338387,269.9642857142857
2025-01-02 09:21:34,-0.0075424132659753,-0.02894090032359986,269.5
2025-01-02 09:21:35,-0.0077544461310694,-0.03221313291818162,269.5
2025-01-02 09:21:36,-0.0101457854083671,-0.03507983751962751,270.0454545454545
2025-01-02 09:21:37,-0.0127145275029995,-0.029564920957063867,270.65
2025-01-02 09:21:38,-0.0061656267831937,-0.021784517572086992,269.06666666666666
2025-01-02 09:21:39,-0.000323720667232,-0.02063285318549002,267.95454545454544
2025-01-02 09:21:40,0.0126580238147703,-0.008184140845337806,265.2142857142857
2025-01-02 09:21:41,0.0201672081337554,-0.003004617038200985,264.05555555555554
2025-01-02 09:21:42,0.027878654429216,0.008650595670872452,262.9545454545455
2025-01-02 09:21:43,0.017751335662354,-0.0031771654725480936,266.1071428571429
2025-01-02 09:21:44,0.0076237191100172,-0.02051616430912162,269.125
2025-01-02 09:21:45,0.0093778488738646,-0.021750162955591623,268.92857142857144
2025-01-02 09:21:46,0.0099378074424542,-0.022019646517573932,269.0
2025-01-02 09:21:47,0.0076878382680674,-0.01929428927439658,269.6818181818182
2025-01-02 09:21:48,0.0022197279048068,-0.026240239673286148,271.05555555555554
2025-01-02 09:21:49,-0.0042335808300954,-0.03874073427461089,272.55555555555554
2025-01-02 09:21:50,-0.004025923571378,-0.04204015164356978,272.25
2025-01-02 09:21:51,-0.0042238443166237,-0.042272130254283447,272.15
2025-01-02 09:21:52,-0.0049074020162363,-0.03412998146132251,272.0
2025-01-02 09:21:53,-0.0050610694840031,-0.03300247134357348,271.5625
2025-01-02 09:21:54,-0.0118693299794601,-0.041713951265690774,272.58333333333337
2025-01-02 09:21:55,-0.0119783982708015,-0.04028734464992634,271.66666666666663
2025-01-02 09:21:56,-0.0131597497902617,-0.0382274708640693,271.22727272727275
2025-01-02 09:21:57,-0.0123549364810101,-0.027712488565482918,270.5
2025-01-02 09:21:58,-0.0121321942852385,-0.027605371603432793,270.0769230769231
2025-01-02 09:21:59,-0.012406306021502,-0.03098041350232239,270.0
2025-01-02 09:22:00,-0.0120292262456144,-0.03086535092456688,269.77272727272725
2025-01-02 09:22:01,-0.0170618907157675,-0.03594349341052605,270.61538461538464
2025-01-02 09:22:02,-0.0110315378913473,-0.02336779166062075,268.6470588235294
2025-01-02 09:22:03,-0.0043380842178278,-0.013856004544307021,266.79166666666663
2025-01-02 09:22:04,0.0066650027182241,-0.004477899349597303,264.1818181818182
2025-01-02 09:22:05,0.0152445679031894,0.0019768562585009697,262.3125
2025-01-02 09:22:06,0.0109827674986825,-0.0036447220771271827,263.6818181818182
2025-01-02 09:22:07,0.0042880925433268,-0.005307450313852602,265.5
2025-01-02 09:22:08,0.0008948914456032,-0.010645025767081817,266.5
2025-01-02 09:22:09,-0.0064759186481173,-0.025844741600030474,268.5
2025-01-02 09:22:10,-0.006176921370079,-0.029334463195094918,268.5454545454545
2025-01-02 09:22:11,0.0076627770731166,-0.012606861953292192,265.32142857142856
2025-01-02 09:22:12,0.0087552826037372,-0.005743738794817599,265.5
2025-01-02 09:22:13,0.006968226220065,-0.010416235516192085,266.3
2025-01-02 09:22:14,0.0040326892456308,-0.017996699593564314,267.2647058823529
2025-01-02 09:22:15,0.0096608049427596,-0.014186741111127832,266.0
2025-01-02 09:22:16,0.0088354592860009,-0.018489938647811233,266.3461538461538
2025-01-02 09:22:17,0.0099965701844642,-0.010846527537601514,266.1071428571429
2025-01-02 09:22:18,0.0035039311674825,-0.01469600886624356,267.5
2025-01-02 09:22:19,-0.0032103120905556,-0.024054748243069968,268.72727272727275
2025-01-02 09:22:20,-0.0100645874181827,-0.03085296354139433,269.8
2025-01-02 09:22:21,-0.0127170648281759,-0.03373012451323443,270.0
2025-01-02 09:22:22,-0.014311402061217,-0.027804956949449622,270.2
2025-01-02 09:22:23,-0.0129229208870667,-0.02325817418135956,269.6111111111111
2025-01-02 09:22:24,-0.0134495365917212,-0.025384732578588087,269.1333333333333
2025-01-02 09:22:25,-0.0127937664391407,-0.022162049919466353,268.27272727272725
2025-01-02 09:22:26,-0.0136997274587344,-0.022495238254259586,267.6428571428571
2025-01-02 09:22:27,-0.0139784067941404,-0.013399583810020266,266.78571428571433
2025-01-02 09:22:28,-0.0068642125489656,0.0005037080977838837,264.2
2025-01-02 09:22:29,-0.0044240492602157,0.0012849558652379134,263.0
2025-01-02 09:22:30,-0.0042060553202223,0.003808466015194689,262.0
2025-01-02 09:22:31,-0.0322182806154758,-0.006040991322761924,264.8181818181818
2025-01-02 09:22:32,-0.053336752149265,-0.014461609905851214,267.8666666666667
2025-01-02 09:22:33,-0.0544308403751938,-0.017349323312491283,267.55
2025-01-02 09:22:34,-0.0376728948379585,-5.9567336330834664e-05,263.0
2025-01-02 09:22:35,-0.0313671040651894,0.006552258284684864,261.54166666666663
2025-01-02 09:22:36,-0.0179147327676739,0.016410285306703853,259.0
2025-01-02 09:22:37,0.0422691097565497,0.030788806365110277,257.5882352941177
2025-01-02 09:22:38,0.0760243133349931,0.03456966710513565,257.5
2025-01-02 09:22:39,0.0995194589660611,0.03140756969239056,257.5
2025-01-02 09:22:40,0.1320162572743266,0.053392996445496,252.61538461538464
2025-01-02 09:22:41,0.394923284052228,0.2216326745636823,218.7
2025-01-02 09:22:42,0.3493343946105573,0.14687067377829588,240.8
2025-01-02 09:22:43,0.259060359929925,0.024918670275840604,261.625
2025-01-02 09:22:44,0.2710805132505568,-0.002710446111517051,264.05
2025-01-02 09:22:45,0.2965450773973502,-0.007284455001246082,264.0
2025-01-02 09:22:46,0.2928564192720196,-0.028928270546890955,269.22222222222223
2025-01-02 09:22:47,-0.1511205562114653,-0.3960537296851887,398.75
2025-01-02 09:22:48,-0.0309344642095734,-0.055954809790339954,343.5
2025-01-02 09:22:49,0.0371681323568116,-0.05658084768433769,318.0
2025-01-02 09:22:50,0.1764037939126908,-0.06933560935837946,281.0
2025-01-02 09:22:51,-0.2228322975241827,-0.39365653735480777,409.75
2025-01-02 09:22:52,-0.3098043987527256,-0.5319377301601358,439.3
2025-01-02 09:22:53,-0.0206655280451964,-0.2169198397221641,306.44444444444446
2025-01-02 09:22:54,-0.101515180215793,-0.243729031093451,326.32142857142856
2025-01-02 09:22:55,-0.1341440901895666,-0.26853471063403234,330.5909090909091
2025-01-02 09:22:56,-0.1518433719695187,-0.2549408945752092,327.0
2025-01-02 09:22:57,-0.1086083768633272,-0.167492411781063,303.0
2025-01-02 09:22:58,-0.078254077225945,-0.09946847684141025,287.33333333333337
2025-01-02 09:22:59,-0.0824101476129466,-0.0944117762544916,287.4545454545455
2025-01-02 09:23:00,-0.0942948717948718,-0.09999798683566596,288.5
2025-01-02 09:23:01,-0.1037526583757087,-0.10266999445487812,288.5
2025-01-02 09:23:02,-0.1070315981332873,-0.09001655501660766,286.88461538461536
2025-01-02 09:23:03,-0.0734658778142955,-0.03256122400933381,275.53125
2025-01-02 09:23:04,-0.0028068512029401,0.061860707266146786,257.1538461538462
2025-01-02 09:23:05,-0.0148043484869214,0.04595703288431641,261.08333333333337
2025-01-02 09:23:06,0.0934857909729904,0.12717348581840437,238.03125
2025-01-02 09:23:07,0.1462297867555893,0.18073201308851972,230.44444444444449
2025-01-02 09:23:08,0.1383664811177768,0.17450811978651948,234.9
2025-01-02 09:23:09,-0.0376510206432324,-0.002855238439907426,276.625
2025-01-02 09:23:10,0.0091399716673023,-0.0017950898193395126,263.80555555555554
2025-01-02 09:23:11,0.0198785262476574,0.012079037843372165,261.21428571428567
2025-01-02 09:23:12,0.0116229686278333,0.009905767739277982,263.0
2025-01-02 09:23:13,-0.0059625925148636,-0.005260648801339585,266.6333333333333
2025-01-02 09:23:14,-0.0165150204810915,-0.022097769424954672,268.58333333333337
2025-01-02 09:23:15,-0.0223564513120327,-0.025671722534316377,268.94444444444446
2025-01-02 09:23:16,-0.0261435643020964,-0.023743550575496597,268.6875
2025-01-02 09:23:17,-0.0320385113956774,-0.01965919865693677,269.02941176470586
2025-01-02 09:23:18,-0.0306164116257573,-0.013961748952955322,267.5
2025-01-02 09:23:19,-0.0232901024174163,-0.004337631497052907,264.7
2025-01-02 09:23:20,-0.0232839669410015,-0.0013756165116953767,263.875
2025-01-02 09:23:21,-0.0235485274361171,0.005005270594641065,263.11538461538464
