actual_datetime,Actual,Forecast,avg_price,Action
2025-01-02 09:06:42,0.0048636703389554,0.0127162561020333,263.0,Buy
2025-01-02 09:06:43,-0.0010295854876164,0.0084090247275432,264.08333333333337,Buy
2025-01-02 09:06:44,-0.0067846718271245,-0.0035637238439745,265.0,Sell
2025-01-02 09:06:45,-0.0110656799781094,-0.0089721540991056,265.5,Sell
2025-01-02 09:06:46,-0.0136080528594651,-0.0110883515189548,265.5,Hold
2025-01-02 09:06:47,-0.0162288940396283,-0.0039492417834894,265.5,Hold
2025-01-02 09:06:48,-0.017735485376728,-0.0013514517014545,265.5,Hold
2025-01-02 09:06:49,-0.0191479147552591,-0.0050114095096385,265.5,Hold
2025-01-02 09:06:50,-0.0130343213179017,0.0007997124511682,264.05,Buy
2025-01-02 09:06:51,-0.0028775383696431,0.0078178607027323,261.7692307692308,Buy
2025-01-02 09:06:52,0.0043711618832102,0.0209558084243195,260.3888888888889,Buy
2025-01-02 09:06:53,0.010806573850431,0.0273653350004474,259.40625,Buy
2025-01-02 09:06:54,0.0152778271700491,0.0265859336222489,258.90625,Buy
2025-01-02 09:06:55,0.0167431052763766,0.0226138905259858,259.1,Buy
2025-01-02 09:06:56,0.0203406321820645,0.0220974709256214,258.75,Buy
2025-01-02 09:06:57,0.0237381669380533,0.0315765283626352,258.54166666666663,Buy
2025-01-02 09:06:58,0.0125390895236805,0.0229270114109123,261.5,Buy
2025-01-02 09:06:59,0.0118585364295797,0.0163329498263571,261.75,Buy
2025-01-02 09:07:00,-0.005800798596884,-0.0066655785382785,265.97058823529414,Sell
2025-01-02 09:07:01,-0.007308824229397,-0.0100067643683585,265.8461538461538,Sell
2025-01-02 09:07:02,-0.0072386778318981,-0.003060279997084,265.5,Sell
2025-01-02 09:07:03,-0.0092991321978607,-0.0040085976491959,266.2307692307692,Sell
2025-01-02 09:07:04,-0.0053361793391396,-0.0058614103220273,265.42857142857144,Sell
2025-01-02 09:07:05,-0.0020304902465534,-0.0060863509813702,264.8636363636364,Sell
2025-01-02 09:07:06,-0.0005114471749632,-0.0054331068343647,264.5,Sell
2025-01-02 09:07:07,-0.0048006595800714,-0.0008166130030939,265.20000000000005,Sell
2025-01-02 09:07:08,0.0045044595616023,0.0158933383970218,262.5,Buy
2025-01-02 09:07:09,0.0039554399537592,0.0142321845835426,262.5,Buy
2025-01-02 09:07:10,0.0070691115889986,0.0145178226714588,261.70833333333337,Buy
2025-01-02 09:07:11,0.0138375711938982,0.0173275581918361,260.6,Buy
2025-01-02 09:07:12,0.0094368772283312,0.0148765406819437,262.25,Buy
2025-01-02 09:07:13,-0.0137133542793661,-0.0137447052130794,268.0,Sell
2025-01-02 09:07:14,-0.0152058915927988,-0.0208854531031945,268.0,Sell
2025-01-02 09:07:15,-0.0165457830446306,-0.0226105254916049,268.0,Sell
2025-01-02 09:07:16,-0.0042707657830228,-0.0081559117095366,264.8888888888889,Sell
2025-01-02 09:07:17,0.0134346287287061,0.0176374970032131,260.82142857142856,Buy
2025-01-02 09:07:18,0.0188973333300525,0.0232217737016353,260.05555555555554,Buy
2025-01-02 09:07:19,0.0168105389615639,0.014678875348925,261.05882352941177,Buy
2025-01-02 09:07:20,0.014594235886756,0.0085345314332672,261.9090909090909,Buy
2025-01-02 09:07:21,-0.006065024525206,-0.0136945163862829,267.0769230769231,Sell
2025-01-02 09:07:22,-0.0086904604315214,-0.0132285459198435,267.4375,Sell
2025-01-02 09:07:23,0.0034596401073673,0.0046269945854067,264.0,Buy
2025-01-02 09:07:24,0.0015025694002967,0.0024074733128158,264.0,Buy
2025-01-02 09:07:25,-0.0018308406395047,-0.002511931780494,264.4090909090909,Sell
2025-01-02 09:07:26,-0.0126531641920139,-0.0178129656261738,266.8076923076923,Sell
2025-01-02 09:07:27,-0.0127997237284293,-0.0122870925059979,266.5,Sell
2025-01-02 09:07:28,-0.0139033546742408,-0.0119868045348694,266.5,Sell
2025-01-02 09:07:29,-0.012134508493535,-0.0119684668680204,265.83333333333337,Sell
2025-01-02 09:07:30,-0.0083900648223261,-0.0070064237933074,264.75,Sell
2025-01-02 09:07:31,-0.0081090487412349,-0.0064016576158183,264.33333333333337,Sell
2025-01-02 09:07:32,-0.0087663833987363,0.002151066293085,264.0,Buy
2025-01-02 09:07:33,-0.0029172718216274,0.013474636164618,262.0,Buy
2025-01-02 09:07:34,0.0087662902101748,0.0241558291348293,258.83333333333337,Buy
2025-01-02 09:07:35,0.0045854380456763,0.0187323836219546,259.69230769230774,Buy
2025-01-02 09:07:36,-0.005458288572145,0.0065531063266246,261.875,Buy
2025-01-02 09:07:37,-0.0112846729507539,0.0045011217498998,263.07142857142856,Buy
2025-01-02 09:07:38,-0.0132065483463207,0.0026851669636174,263.55882352941177,Buy
2025-01-02 09:07:39,-0.0150206172614267,-0.0037653631947907,263.96153846153845,Sell
2025-01-02 09:07:40,-0.0156900685865681,-0.0061231341732772,263.96153846153845,Sell
2025-01-02 09:07:41,-0.0048734620524811,0.0099696571334715,260.94444444444446,Buy
2025-01-02 09:07:42,0.0023082539532302,0.0238868504750495,258.95833333333337,Buy
2025-01-02 09:07:43,0.0079847570095997,0.0304535198456619,257.5,Buy
2025-01-02 09:07:44,0.0088585434173668,0.0285105780284959,257.5,Buy
2025-01-02 09:07:45,0.009482676565772,0.0273137469968145,257.5,Buy
2025-01-02 09:07:46,0.0093734532648009,0.0261122399817765,257.5,Buy
2025-01-02 09:07:47,-0.0014279282426986,0.0230053352349604,259.6428571428571,Buy
2025-01-02 09:07:48,-0.019260932260611,0.0077727163268497,263.3125,Buy
2025-01-02 09:07:49,-0.02250038042692,0.0019206361549992,263.1470588235294,Buy
2025-01-02 09:07:50,-0.0216292619870858,0.0060681387753129,262.19444444444446,Buy
2025-01-02 09:07:51,-0.0113540952677553,0.0180814440294585,259.47222222222223,Buy
2025-01-02 09:07:52,-0.0036645228054634,0.0318361712997103,257.79166666666663,Buy
2025-01-02 09:07:53,0.0001077765276795,0.0363885626198396,257.5,Buy
2025-01-02 09:07:54,-0.006726650795467,0.0253213091406652,259.75,Buy
2025-01-02 09:07:55,-0.0021809691571926,0.0237773798294751,259.1071428571429,Buy
2025-01-02 09:07:56,0.0077211655634688,0.0270821824178739,257.21875,Buy
2025-01-02 09:07:57,0.0279911077972467,0.0528537183004855,253.22727272727275,Buy
2025-01-02 09:07:58,0.034069372656329,0.058431349854636,253.0,Buy
2025-01-02 09:07:59,0.0396876674050586,0.0541265525453018,253.0,Buy
2025-01-02 09:08:00,0.0353990066106328,0.0445375582956717,255.16666666666663,Buy
2025-01-02 09:08:01,0.0216897104180341,0.0254455971473788,259.5,Buy
2025-01-02 09:08:02,0.0177336392853632,0.019878302881243,261.0,Buy
2025-01-02 09:08:03,0.0056374383280668,0.0038202499439579,264.3076923076923,Buy
2025-01-02 09:08:04,0.0054733860972044,-0.0036281408363703,264.5,Sell
2025-01-02 09:08:05,0.0060404938476772,-0.0041086938587446,264.5,Sell
2025-01-02 09:08:06,0.0092788595029849,-0.0036490832035125,263.8461538461538,Sell
2025-01-02 09:08:07,0.0077418483156188,0.0025030075687555,264.3333333333333,Buy
2025-01-02 09:08:08,0.0007226759145319,-0.0050962948924726,266.04166666666663,Sell
2025-01-02 09:08:09,-0.0047781341887196,-0.0162412619953085,267.2142857142857,Sell
2025-01-02 09:08:10,-0.0042955326460482,-0.016504550104462,266.75,Sell
2025-01-02 09:08:11,-0.0144916624222155,-0.0250633966527649,268.79166666666663,Sell
2025-01-02 09:08:12,-0.0059720730397421,-0.0034362068045956,266.0,Sell
2025-01-02 09:08:13,-0.0073630504833511,-0.0007070038885432,266.0,Sell
2025-01-02 09:08:14,-0.0089884374802552,-0.0054472504917086,266.0,Sell
2025-01-02 09:08:15,-0.0093957056506813,-0.0091336981729239,266.0,Sell
2025-01-02 09:08:16,-0.0075122646863009,-0.0098374012253696,265.8125,Sell
2025-01-02 09:08:17,-0.0042900313191866,0.0007838654399894,265.1875,Buy
2025-01-02 09:08:18,-0.0009769928080257,0.0046058789729022,264.58333333333337,Buy
2025-01-02 09:08:19,-0.0001141444861183,0.0026540757314015,264.25,Buy
2025-01-02 09:08:20,0.0020894383110364,0.0038302253947557,263.41666666666663,Buy
2025-01-02 09:08:21,0.0079527384237763,0.0070630857212483,261.7142857142857,Buy
2025-01-02 09:08:22,0.0102058064520477,0.0163640927049799,261.15,Buy
2025-01-02 09:08:23,0.0056465104395179,0.0169205782918082,262.3,Buy
2025-01-02 09:08:24,0.0083893495262496,0.0126192431689193,261.6764705882353,Buy
2025-01-02 09:08:25,-0.0050074892879697,-0.0048843314406785,264.9166666666667,Sell
2025-01-02 09:08:26,-0.0222161330331263,-0.0268719590959769,268.96153846153845,Sell
2025-01-02 09:08:27,-0.0184880599342999,-0.0177224485443925,267.52941176470586,Sell
2025-01-02 09:08:28,-0.0192768879084341,-0.0144068007012634,267.33333333333337,Sell
2025-01-02 09:08:29,-0.003729817759073,0.003334030979083,263.2,Buy
2025-01-02 09:08:30,0.0062882485912723,0.0138788349108329,260.8888888888889,Buy
2025-01-02 09:08:31,0.0112883793556871,0.0165026445859857,260.0,Buy
2025-01-02 09:08:32,0.006315906887651,0.0160908337645926,261.3461538461538,Buy
2025-01-02 09:08:33,0.0035411171724199,0.0158853671921521,261.9583333333333,Buy
2025-01-02 09:08:34,-0.0002529576633035,0.0071068483994269,262.58333333333337,Buy
2025-01-02 09:08:35,-0.0001643995920988,0.0079454756953372,262.1,Buy
2025-01-02 09:08:36,-0.0042991614190046,0.0053250757670937,262.9230769230769,Buy
2025-01-02 09:08:37,-0.007705308343354,0.0068677428525514,263.5,Buy
2025-01-02 09:08:38,-0.0074453047796191,0.0091765256199443,263.3,Buy
2025-01-02 09:08:39,-0.009682006001165,0.0031227947613698,263.58333333333337,Buy
2025-01-02 09:08:40,-0.0158472806129054,-0.0013719564376881,264.0,Sell
2025-01-02 09:08:41,-0.0206198774400435,-0.0041980528612877,264.05555555555554,Sell
2025-01-02 09:08:42,-0.0165183763067198,0.0135130514327674,261.9642857142857,Buy
2025-01-02 09:08:43,-0.0157674484802146,0.0221056223669557,260.85,Buy
2025-01-02 09:08:44,-0.0097147593060823,0.0264654105255277,258.8928571428572,Buy
2025-01-02 09:08:45,-0.0060779875464342,0.0325154307438859,257.5,Buy
2025-01-02 09:08:46,-0.0197056155514554,0.0221630022261862,260.28125,Buy
2025-01-02 09:08:47,-0.022437302365631,0.0254578495454473,260.2692307692308,Buy
2025-01-02 09:08:48,-0.0331455916856679,0.0208675154650754,262.0,Buy
2025-01-02 09:08:49,-0.0317049712923032,0.0224243593295485,260.5,Buy
2025-01-02 09:08:50,0.0006897443764625,0.0609036429043921,251.85,Buy
2025-01-02 09:08:51,-0.0003424122174122,0.0629082120871757,252.0,Hold
2025-01-02 09:08:52,0.0445578782963897,0.0662671631345126,252.22727272727275,Hold
2025-01-02 09:08:53,0.09402813122289,0.0686221311145107,251.85,Hold
2025-01-02 09:08:54,0.0848060511103988,0.0503229269367575,255.3,Hold
2025-01-02 09:08:55,0.0981606036263107,0.0574058570467439,253.07142857142856,Hold
2025-01-02 09:08:56,0.1375616854037813,0.0587664363036157,252.45454545454544,Hold
2025-01-02 09:08:57,0.1438173616273403,0.0629589662187177,253.04166666666663,Hold
2025-01-02 09:08:58,0.1627183549071572,0.0756910402937689,250.8636363636364,Hold
2025-01-02 09:08:59,0.1763780630447297,0.0764788435510694,249.75,Hold
2025-01-02 09:09:00,0.1851617280826263,0.0774110243822652,249.67857142857144,Hold
2025-01-02 09:09:01,0.1871375867390214,0.0696750019046301,250.9,Hold
2025-01-02 09:09:02,-0.2166748592445397,-0.284132278080256,367.75,Sell
2025-01-02 09:09:03,-0.2540013766993634,-0.393323664886434,372.5,Sell
2025-01-02 09:09:04,0.0313763107640657,-0.0579561827817722,269.5,Sell
2025-01-02 09:09:05,0.0608690523727126,0.0064109805786052,262.6923076923077,Buy
2025-01-02 09:09:06,-0.2146396073384339,-0.2507052620790655,345.15,Sell
2025-01-02 09:09:07,-0.0214810759312665,-0.0742132623462998,275.55,Sell
2025-01-02 09:09:08,-0.0189212674290714,-0.0350803974716076,273.3666666666667,Sell
2025-01-02 09:09:09,-0.0140785375805367,-0.0293531848449903,270.91666666666663,Sell
2025-01-02 09:09:10,-0.0176297640569654,-0.0306121471638731,270.7692307692307,Sell
2025-01-02 09:09:11,-0.0217604390061232,-0.0315674058739394,270.3333333333333,Sell
2025-01-02 09:09:12,-0.0256598826022686,-0.0260298060409518,269.9,Sell
2025-01-02 09:09:13,-0.0359544196566978,-0.0269621227808773,270.66666666666663,Sell
2025-01-02 09:09:14,-0.0528619122968844,-0.0292707859232088,270.2142857142857,Sell
2025-01-02 09:09:15,-0.0078522780749588,-0.0314908476137925,269.9545454545455,Sell
2025-01-02 09:09:16,-0.0055584115388947,-0.0264668034545774,269.0,Sell
2025-01-02 09:09:17,0.0506285227893268,0.0153126008549142,261.1875,Buy
2025-01-02 09:09:18,0.0701198351198351,0.0292798326251679,259.0,Buy
2025-01-02 09:09:19,0.0778446489408028,0.0227399373304026,260.0,Buy
2025-01-02 09:09:20,0.0941400853029652,0.019568890036018,259.70000000000005,Buy
2025-01-02 09:09:21,0.1398255790786346,0.0444539051019616,254.8846153846154,Buy
2025-01-02 09:09:22,0.1774502218489392,0.0492304499013112,255.13636363636363,Buy
2025-01-02 09:09:23,0.2376322366941692,0.0764981942641063,250.27272727272725,Buy
2025-01-02 09:09:24,0.456300962474316,0.2183357030864399,220.16666666666663,Buy
2025-01-02 09:09:25,-0.1912174072713918,-0.2091486577439749,389.0,Sell
2025-01-02 09:09:26,0.2148529490832839,0.0310458651758696,265.7,Buy
2025-01-02 09:09:27,-0.0133391009696838,-0.1263131373380677,330.25,Sell
2025-01-02 09:09:28,0.1813778775035318,-0.1122896674723481,286.5,Sell
2025-01-02 09:09:29,0.2102202571030865,-0.1150268912642715,290.78571428571433,Sell
2025-01-02 09:09:30,0.1889957367120884,-0.149549445291665,298.7857142857143,Sell
2025-01-02 09:09:31,0.1142864081297169,-0.2191006862618025,318.6428571428571,Sell
2025-01-02 09:09:32,-0.0076358622545062,-0.325218681572021,354.0,Sell
2025-01-02 09:09:33,0.0066016607377103,-0.3113949545736114,343.625,Sell
2025-01-02 09:09:34,0.0326853971762786,-0.2679852504766906,329.0,Sell
2025-01-02 09:09:35,0.013993483183905,-0.2624146228868573,328.875,Sell
2025-01-02 09:09:36,-0.0634693634261853,-0.3161926627429425,347.4,Sell
2025-01-02 09:09:37,-0.1246746148385872,-0.3585775214563333,360.83333333333337,Sell
2025-01-02 09:09:38,-0.2704354679878133,-0.496057401710313,412.7,Sell
2025-01-02 09:09:39,-0.3307521863500542,-0.550680324178215,425.2857142857143,Sell
2025-01-02 09:09:40,-0.1654999758571225,-0.3027049273774767,332.1875,Sell
2025-01-02 09:09:41,-0.1432074939176251,-0.2185594077379549,316.6875,Sell
2025-01-02 09:09:42,-0.15227822435413,-0.2016004374331985,316.375,Sell
2025-01-02 09:09:43,-0.0589263084383669,-0.1089126527323702,289.5909090909091,Sell
2025-01-02 09:09:44,0.0326098126340475,-0.0228734999825956,267.6,Sell
2025-01-02 09:09:45,0.0715168798719396,-0.007284334008045,266.1111111111111,Sell
2025-01-02 09:09:46,0.0764177701955117,-0.008510234801933,266.1363636363636,Sell
2025-01-02 09:09:47,0.0810274128737287,-0.0013592164570528,265.79166666666663,Sell
2025-01-02 09:09:48,0.0830343477007371,0.0007890182646226,265.1470588235294,Buy
2025-01-02 09:09:49,0.1025710659731539,0.0174893817794372,260.5882352941177,Buy
2025-01-02 09:09:50,0.1132350065483447,0.0295532117051622,258.0769230769231,Buy
2025-01-02 09:09:51,0.1136671292523,0.0303776389496226,257.9375,Buy
2025-01-02 09:09:52,-0.0016563378142326,-0.0671648877138972,285.0,Sell
2025-01-02 09:09:53,-0.1675840969644951,-0.2345477918692335,332.875,Sell
2025-01-02 09:09:54,-0.1087027365086921,-0.1816203059817567,305.6,Sell
2025-01-02 09:09:55,-0.2579073951879957,-0.3130580737839434,354.27272727272725,Sell
2025-01-02 09:09:56,-0.0663511504896369,-0.102494441318409,279.45,Sell
2025-01-02 09:09:57,-0.0533420255321836,-0.0473850802218405,274.33333333333337,Sell
2025-01-02 09:09:58,-0.0140212781104622,0.0029372228999848,263.5,Buy
2025-01-02 09:09:59,-0.0078160169719539,0.0095082375888797,262.125,Buy
2025-01-02 09:10:00,0.0117336947703534,0.0249701800176007,257.9090909090909,Buy
2025-01-02 09:10:01,0.0164478347973495,0.0275274566632452,257.5,Buy
2025-01-02 09:10:02,0.0182128856716374,0.0318174842448477,257.7142857142857,Buy
2025-01-02 09:10:03,0.0171811987206231,0.0294455408717546,258.5,Buy
2025-01-02 09:10:04,0.0184310127363946,0.0249886115415645,258.5,Buy
2025-01-02 09:10:05,0.0148382578168365,0.0171239458285596,259.5,Buy
2025-01-02 09:10:06,0.0190386431732913,0.0143980643704366,259.5,Buy
2025-01-02 09:10:07,0.0496029935036271,0.0087082066513555,262.25,Buy
2025-01-02 09:10:08,0.0399151471721698,0.0015885730342921,264.55555555555554,Buy
2025-01-02 09:10:09,0.0381321440809462,-0.00497782105661,264.83333333333337,Sell
2025-01-02 09:10:10,0.0281471929706119,-0.0163989568753835,266.5,Sell
2025-01-02 09:10:11,0.0304323855187929,-0.0145280068680966,265.5,Sell
2025-01-02 09:10:12,0.0329418096702046,-0.0021051940174996,264.44117647058823,Sell
2025-01-02 09:10:13,0.0334517272577916,0.0028812720965805,263.83333333333337,Buy
2025-01-02 09:10:14,0.0398825909986821,0.0080126061749783,261.7307692307692,Buy
2025-01-02 09:10:15,0.0436779831712086,0.0140739685001733,260.3611111111111,Buy
2025-01-02 09:10:16,-0.0004567578624528,-0.0235384076634777,270.4,Sell
2025-01-02 09:10:17,-0.3007681542650692,-0.3172410439464113,370.4285714285714,Sell
2025-01-02 09:10:18,-0.0164828362453065,-0.0332564443104463,263.125,Sell
2025-01-02 09:10:19,-0.015555942789783,0.0068413251989265,263.0,Buy
2025-01-02 09:10:20,0.0097485364443644,0.0278143367444183,257.1923076923077,Buy
2025-01-02 09:10:21,-0.0044576851069469,0.0147243670201051,261.2857142857143,Buy
2025-01-02 09:10:22,0.0018103197251182,0.0234874992905438,260.16666666666663,Buy
2025-01-02 09:10:23,0.0090806676264382,0.0314556328137141,258.9,Buy
2025-01-02 09:10:24,0.0206722317267415,0.0374535519278271,256.83333333333337,Buy
2025-01-02 09:10:25,0.02799112671183,0.0397704138455481,256.0,Buy
2025-01-02 09:10:26,0.0333513815175051,0.0388271126164692,255.8333333333333,Buy
2025-01-02 09:10:27,0.0293322800260389,0.0340736631338174,257.8181818181818,Buy
2025-01-02 09:10:28,0.0199178720455314,0.0221429581681575,260.85,Buy
2025-01-02 09:10:29,0.0062175406246986,-0.0018740525758049,264.20833333333337,Sell
2025-01-02 09:10:30,0.0014633511098352,-0.0104373523560359,265.1,Sell
2025-01-02 09:10:31,-0.0020040136375996,-0.0130542514509759,265.5,Sell
2025-01-02 09:10:32,-0.0037389407818447,-0.0049537464328925,265.33333333333337,Sell
2025-01-02 09:10:33,-0.0052649941672091,-0.0023840319836885,265.0333333333333,Sell
2025-01-02 09:10:34,-0.0109217318388234,-0.0088119867909721,265.75,Sell
2025-01-02 09:10:35,-0.0158150880487842,-0.0136007414795662,266.2307692307692,Sell
2025-01-02 09:10:36,-0.0247219433450314,-0.0226791449919292,267.8333333333333,Sell
2025-01-02 09:10:37,-0.0278070425149059,-0.017799655759352,267.9666666666667,Sell
2025-01-02 09:10:38,-0.0284749411853734,-0.0136819726881085,267.5,Sell
2025-01-02 09:10:39,-0.0093904552628258,0.0071174990171327,262.2631578947369,Buy
2025-01-02 09:10:40,-0.0063687823365548,0.0112006511226807,261.46875,Buy
2025-01-02 09:10:41,-0.0013241236063884,0.0161106668869366,260.3,Buy
2025-01-02 09:10:42,0.004834993028376,0.0280685498679453,259.06666666666666,Buy
2025-01-02 09:10:43,0.0111641988565724,0.0348243371568817,258.0,Buy
2025-01-02 09:10:44,0.0146066198184996,0.0328887050970569,257.8461538461538,Buy
2025-01-02 09:10:45,0.0178320061523381,0.0310439996136262,257.95833333333337,Buy
2025-01-02 09:10:46,0.0135911712951285,0.0225048073022464,259.75,Buy
2025-01-02 09:10:47,0.011011711662489,0.0240295684767535,261.0,Buy
2025-01-02 09:10:48,0.0136186164311166,0.0220638989554404,261.17647058823525,Buy
2025-01-02 09:10:49,0.0160729916787346,0.0167591596102896,261.4375,Buy
2025-01-02 09:10:50,0.0192718270057713,0.0147360528489692,261.5,Buy
2025-01-02 09:10:51,0.0213491008271185,0.0111864896786109,261.8181818181818,Buy
2025-01-02 09:10:52,0.0207886246894869,0.010488278789946,262.7058823529412,Buy
2025-01-02 09:10:53,0.0189654356986224,0.0069294277418678,263.6111111111111,Buy
2025-01-02 09:10:54,0.0137358039786222,-0.0035605625269681,265.16666666666663,Sell
2025-01-02 09:10:55,0.0045935374239043,-0.0144182100358296,267.41666666666663,Sell
2025-01-02 09:10:56,0.0057804028445122,-0.0173690351271014,266.97058823529414,Sell
2025-01-02 09:10:57,0.0055070410973748,-0.0120356218700758,266.9375,Sell
2025-01-02 09:10:58,-0.0068155217627324,-0.0202102092829401,269.7692307692308,Sell
2025-01-02 09:10:59,-0.0115935451410692,-0.028259622169289,270.5,Sell
2025-01-02 09:11:00,-0.0140375788235502,-0.0300817268458823,270.5,Sell
2025-01-02 09:11:01,-0.0168670968101846,-0.0311294066209564,270.5,Sell
2025-01-02 09:11:02,-0.0190831471962816,-0.0245133798519348,270.3,Sell
2025-01-02 09:11:03,-0.013274519775718,-0.012845222081306,268.04545454545456,Sell
2025-01-02 09:11:04,-0.0123895302221345,-0.0117209482970681,267.15,Sell
2025-01-02 09:11:05,-0.009622790283449,-0.0059783699489379,265.77777777777777,Sell
2025-01-02 09:11:06,-0.0107723641583226,-0.0056381132875826,265.6578947368421,Sell
2025-01-02 09:11:07,-0.0132598392322985,-0.0016638660202104,265.875,Sell
2025-01-02 09:11:08,-0.0111809802108957,0.0023123465449883,265.0,Buy
2025-01-02 09:11:09,-0.0113723194953942,0.0011118675573114,264.83333333333337,Buy
2025-01-02 09:11:10,-0.0088024941125357,0.0038437640517972,263.8888888888889,Buy
2025-01-02 09:11:11,-0.0036704388425367,0.0056904005353763,262.8461538461538,Buy
2025-01-02 09:11:12,-0.000368721902216,0.0131038937991667,262.34375,Buy
2025-01-02 09:11:13,0.0045775071260631,0.0185805865973034,261.5,Buy
2025-01-02 09:11:14,0.0099378691844132,0.0178028347753873,260.67857142857144,Buy
2025-01-02 09:11:15,0.0154185033336494,0.0188925443449283,259.57894736842104,Buy
2025-01-02 09:11:16,0.0084396540660485,0.0154018232937591,261.4166666666667,Buy
2025-01-02 09:11:17,0.0081732783532471,0.0217274510832363,261.4090909090909,Buy
2025-01-02 09:11:18,0.0059882011385592,0.0208832829695377,261.875,Buy
2025-01-02 09:11:19,0.0022082689574191,0.0096348638509278,262.67857142857144,Buy
2025-01-02 09:11:20,0.0072396799628941,0.0174980851999113,261.33333333333337,Buy
2025-01-02 09:11:21,-0.0123672818409661,-0.0043572655153023,266.0,Sell
2025-01-02 09:11:22,-0.0151633344725449,0.0003111217768609,266.0,Buy
2025-01-02 09:11:23,-0.0184889562192194,0.001404221420314,266.0,Buy
2025-01-02 09:11:24,-0.023249912312412,-0.0070288000076585,266.4,Sell
2025-01-02 09:11:25,-0.0106753012562871,0.0036467814446323,262.7,Buy
2025-01-02 09:11:26,-0.0080109696814587,0.0089589557025719,261.83333333333337,Buy
2025-01-02 09:11:27,-0.0040950945858207,0.0226608184356593,260.6363636363636,Buy
2025-01-02 09:11:28,-0.0053760036863918,0.0227952484904208,260.85,Buy
2025-01-02 09:11:29,-0.0050328967217711,0.018386731308789,260.83333333333337,Buy
2025-01-02 09:11:30,-0.0050616113471084,0.0159510551034913,261.0,Buy
2025-01-02 09:11:31,-0.0036652503798937,0.0155136018141783,260.85,Buy
2025-01-02 09:11:32,0.0072308006104875,0.0315388950416541,258.5625,Buy
2025-01-02 09:11:33,0.0153457414927826,0.0373031572950011,257.1538461538462,Buy
2025-01-02 09:11:34,0.0159938356806377,0.0335527018235133,257.6428571428571,Buy
2025-01-02 09:11:35,0.0098511796385312,0.0229715767142437,259.59375,Buy
2025-01-02 09:11:36,0.0077707796774253,0.0151300496961874,260.2352941176471,Buy
2025-01-02 09:11:37,0.0130591055968153,0.0277463384354568,258.96875,Buy
2025-01-02 09:11:38,0.0099362696467477,0.0284538357905552,259.6363636363636,Buy
2025-01-02 09:11:39,0.0007200559960417,0.0155950083561087,261.5625,Buy
2025-01-02 09:11:40,-0.0049793475856631,0.0061366164726082,262.58333333333337,Buy
2025-01-02 09:11:41,-0.0069088117733555,0.0016312339773176,263.0,Hold
2025-01-02 09:11:42,-0.0113884055851536,0.0034960339476766,263.94444444444446,Hold
2025-01-02 09:11:43,-0.0118185544188388,0.0045990145239696,263.83333333333337,Hold
2025-01-02 09:11:44,-0.0147643488002435,-0.0011290977578213,264.2777777777778,Sell
2025-01-02 09:11:45,-0.0125336933260073,0.0023110224587734,263.46875,Buy
2025-01-02 09:11:46,-0.0043288693926905,0.0131296180377742,261.3,Hold
2025-01-02 09:11:47,0.0003836081609208,0.0260500687245235,259.9,Hold
2025-01-02 09:11:48,0.0064169234635058,0.0323954869038005,258.29166666666663,Hold
2025-01-02 09:11:49,0.014437420294483,0.0327571625602574,256.9090909090909,Hold
2025-01-02 09:11:50,0.0145502085275461,0.0295642853212969,257.83333333333337,Hold
2025-01-02 09:11:51,0.0002147913277731,0.0107296280949575,262.07142857142856,Hold
2025-01-02 09:11:52,0.0046949110575249,0.0161585730735862,261.5,Hold
2025-01-02 09:11:53,0.0057443396083438,0.0182747365010651,261.6,Hold
2025-01-02 09:11:54,0.0093720625505105,0.0178422367762731,260.88461538461536,Hold
2025-01-02 09:11:55,0.005642600195727,0.0154272697548907,261.375,Hold
2025-01-02 09:11:56,0.0026555292390971,0.0131287091736833,261.3235294117647,Hold
2025-01-02 09:11:57,0.01273512351776,0.032766438999999,258.20833333333337,Hold
2025-01-02 09:11:58,0.0124096454021642,0.0379983529237839,257.7857142857143,Hold
2025-01-02 09:11:59,-0.01432191354422,0.0056859407638014,263.6,Hold
2025-01-02 09:12:00,-0.0324739995207284,-0.0187428497086667,267.5,Sell
2025-01-02 09:12:01,-0.0369312245387012,-0.0213267143602153,267.5,Sell
2025-01-02 09:12:02,-0.0404970045530794,-0.0151863642904566,267.5,Sell
2025-01-02 09:12:03,-0.0358297433659666,-0.0018931095974983,265.35,Sell
2025-01-02 09:12:04,-0.0305650856167019,0.004839667473915,263.1538461538462,Buy
2025-01-02 09:12:05,-0.006134959644652,0.0323998340110811,256.5769230769231,Buy
2025-01-02 09:12:06,0.0088339006531228,0.0480015000522853,253.0,Buy
2025-01-02 09:12:07,0.0094663117203163,0.0558674060108168,253.0,Buy
2025-01-02 09:12:08,0.0110355284903956,0.0601293819986856,252.66666666666669,Hold
2025-01-02 09:12:09,0.0138689558144444,0.0604373721040634,252.0,Hold
2025-01-02 09:12:10,-0.0094337420059412,0.0372552477727201,257.38461538461536,Hold
2025-01-02 09:12:11,-0.0039052823933422,0.038080320525933,255.5769230769231,Hold
2025-01-02 09:12:12,-0.0156181007162306,0.0346552972905902,257.96153846153845,Hold
2025-01-02 09:12:13,-0.0145198128381342,0.0388697694112927,257.10526315789474,Hold
2025-01-02 09:12:14,-0.0108743601675197,0.0424980465668818,255.8333333333333,Hold
2025-01-02 09:12:15,-0.0107580840555399,0.0423696002467288,255.5,Hold
2025-01-02 09:12:16,-0.0109135862456533,0.042487446191685,255.32142857142856,Hold
2025-01-02 09:12:17,-0.0080192872204077,0.0516532260408582,254.6,Hold
2025-01-02 09:12:18,-0.0007306285587619,0.0575565600388074,253.26666666666665,Hold
2025-01-02 09:12:19,0.0057116592988015,0.0571879023552066,252.4,Hold
2025-01-02 09:12:20,0.0212149534189007,0.0573121945643024,252.0,Hold
2025-01-02 09:12:21,0.0293698766013886,0.0568231034383814,251.8,Hold
2025-01-02 09:12:22,0.0331946716828217,0.064465122261202,251.5,Hold
2025-01-02 09:12:23,0.0356996418617481,0.0653385106295718,251.5,Hold
2025-01-02 09:12:24,0.0348136806811509,0.0578396915201069,252.625,Hold
2025-01-02 09:12:25,0.0396824003250525,0.0568336552703321,252.5,Hold
2025-01-02 09:12:26,0.0401769886817961,0.0534437843625881,253.1578947368421,Hold
2025-01-02 09:12:27,0.0351912576740897,0.0502845964982807,254.8333333333333,Hold
2025-01-02 09:12:28,0.0205205886419619,0.0347895205578536,258.5,Hold
2025-01-02 09:12:29,0.0138156621690274,0.0220089712201601,260.0,Hold
2025-01-02 09:12:30,-0.0904189771915424,-0.0783364971906854,287.0454545454545,Sell
2025-01-02 09:12:31,-0.036454193089409,-0.0336009150154907,270.29166666666663,Sell
2025-01-02 09:12:32,0.0121489016943141,0.02698251425736,258.03125,Buy
2025-01-02 09:12:33,0.0162763626466682,0.0366737060522019,257.79999999999995,Buy
2025-01-02 09:12:34,0.0015407608319515,0.0128786147225048,262.03846153846155,Hold
2025-01-02 09:12:35,-0.0036620217103528,0.0003996354451032,263.5,Hold
2025-01-02 09:12:36,0.0053335525843265,0.009357485695957,261.25,Hold
2025-01-02 09:12:37,0.0121379074818212,0.0234452795555348,259.55555555555554,Hold
2025-01-02 09:12:38,0.0167071307708161,0.0302214418555442,258.5333333333333,Hold
2025-01-02 09:12:39,0.0197389570216122,0.0309031785931201,257.875,Hold
2025-01-02 09:12:40,0.0016889472320047,0.0115498678899046,262.0357142857143,Hold
2025-01-02 09:12:41,0.0215138802990053,0.0004975540115161,263.7647058823529,Hold
2025-01-02 09:12:42,0.0143947144476282,-0.0028006318920743,265.3076923076923,Sell
2025-01-02 09:12:43,0.0084556712234276,-0.006526896310997,266.1,Sell
2025-01-02 09:12:44,0.0045968259382893,-0.0137286288420053,266.5,Sell
2025-01-02 09:12:45,0.01022440777303,-0.0059101898377742,264.42857142857144,Sell
2025-01-02 09:12:46,0.0169326590518383,0.0043443522362336,262.3333333333333,Buy
2025-01-02 09:12:47,0.0243112077115961,0.022473286645138,260.1818181818182,Buy
2025-01-02 09:12:48,0.0240310057589467,0.0257813264755781,260.0,Buy
2025-01-02 09:12:49,0.0270919362831125,0.0247780423690033,259.0,Buy
2025-01-02 09:12:50,0.0345790113016868,0.0296953842067153,257.16666666666663,Hold
2025-01-02 09:12:51,-0.2241817700594911,-0.2212123329239093,333.375,Sell
2025-01-02 09:12:52,-0.0149875180654786,-0.0208718385798671,262.1818181818182,Sell
2025-01-02 09:12:53,-0.000577947953375,0.0278515207165614,258.33333333333337,Buy
2025-01-02 09:12:54,-0.0092640533639009,0.0205610816160655,260.25,Buy
2025-01-02 09:12:55,-0.0043329237796754,0.0265591339829824,258.5,Buy
2025-01-02 09:12:56,-0.0072076422289537,0.0263838269646254,258.7647058823529,Hold
2025-01-02 09:12:57,0.0006516671031231,0.0368304831795456,257.5,Hold
2025-01-02 09:12:58,-0.000707806085256,0.0414509366522271,257.4090909090909,Hold
2025-01-02 09:12:59,0.0006369703667001,0.0392107952270852,256.6875,Hold
2025-01-02 09:13:00,-0.0051237483767923,0.0340487812062129,257.59090909090907,Hold
2025-01-02 09:13:01,-0.0123945539990555,0.0263280497926929,259.16666666666663,Hold
2025-01-02 09:13:02,-0.0077003290732032,0.0341468753232783,258.32142857142856,Hold
2025-01-02 09:13:03,-0.0032708380952122,0.0399983141079149,257.65,Hold
2025-01-02 09:13:04,0.0026822703516628,0.0393230338716827,256.8,Hold
2025-01-02 09:13:05,0.0159852765089068,0.0488657882130676,253.9090909090909,Hold
2025-01-02 09:13:06,0.0175133040012641,0.0478891595606889,253.96153846153845,Hold
2025-01-02 09:13:07,-0.0269857887513012,0.0126313406573115,265.1818181818182,Hold
2025-01-02 09:13:08,0.0234743517352214,0.0565121132144326,253.0,Hold
2025-01-02 09:13:09,0.0288435590892524,0.058532502832107,252.92857142857144,Hold
2025-01-02 09:13:10,0.0431268468384821,0.0608054571137195,251.79166666666669,Hold
2025-01-02 09:13:11,0.0301783098054928,0.0441124252815496,256.0,Hold
2025-01-02 09:13:12,0.0076757007110262,0.0182385353015841,262.1,Hold
2025-01-02 09:13:13,0.0077050348946647,0.0133850007603262,262.4,Hold
2025-01-02 09:13:14,0.0037739757901019,0.00276171905461,263.61538461538464,Hold
2025-01-02 09:13:15,0.0252571035748804,0.0226853269627989,258.7,Hold
2025-01-02 09:13:16,0.0289173205411575,0.0249213553343135,258.375,Hold
2025-01-02 09:13:17,0.0170396365070434,0.0212398012398136,261.3461538461538,Hold
2025-01-02 09:13:18,0.0128928804188551,0.0169842410480252,262.1333333333333,Hold
2025-01-02 09:13:19,-0.0039979584096309,-0.0045476061808822,265.77777777777777,Sell
2025-01-02 09:13:20,-0.0477939479785314,-0.0502511549053064,276.05882352941177,Sell
2025-01-02 09:13:21,-0.0162114460568068,-0.0218181865778348,266.75,Sell
2025-01-02 09:13:22,-0.0149382676052957,-0.0079461376119989,265.96153846153845,Sell
2025-01-02 09:13:23,-0.0150656410967144,-0.0040498963633854,265.5,Sell
2025-01-02 09:13:24,-0.0175676588529692,-0.0095875474263746,265.5,Sell
2025-01-02 09:13:25,-0.0181506836850077,-0.0091292733856367,264.9375,Sell
2025-01-02 09:13:26,-0.0200960847102291,-0.0094460879115596,264.5,Sell
2025-01-02 09:13:27,-0.0085924322740467,0.0151420405199607,260.875,Buy
2025-01-02 09:13:28,-0.0040024210067928,0.0254160505960812,259.2692307692308,Buy
2025-01-02 09:13:29,-0.0002056605933301,0.0273662754678254,257.8,Buy
2025-01-02 09:13:30,-0.0003568480192599,0.0270114807549091,257.55555555555554,Buy
2025-01-02 09:13:31,-0.0210342871985062,0.0071881825902053,262.3571428571429,Buy
2025-01-02 09:13:32,-0.0213292368296201,0.0161224970755275,261.5909090909091,Buy
2025-01-02 09:13:33,-0.0209368205083186,0.0209915551921311,260.61538461538464,Buy
2025-01-02 09:13:34,-0.0169771028687079,0.0247745440224518,258.8571428571429,Buy
2025-01-02 09:13:35,-0.015040078149338,0.0284697929931867,257.8666666666667,Hold
2025-01-02 09:13:36,-0.0048474074229377,0.0430869912422431,255.05882352941177,Hold
2025-01-02 09:13:37,-0.0066048613583324,0.0485020155410587,255.3636363636364,Hold
2025-01-02 09:13:38,-0.0063829776709307,0.0488257121704949,255.25,Hold
2025-01-02 09:13:39,0.0055405771726526,0.0539172722292042,252.95454545454544,Hold
2025-01-02 09:13:40,0.0292780463810998,0.0461421288244348,254.72222222222223,Hold
2025-01-02 09:13:41,0.0818056957375046,0.0396071867672447,256.10714285714283,Hold
2025-01-02 09:13:42,0.1541682485128565,0.0572169417926511,253.3181818181818,Hold
2025-01-02 09:13:43,0.184662756754805,0.0655525453561161,252.0909090909091,Hold
2025-01-02 09:13:44,0.1870262181852993,0.0630979169802796,251.8928571428572,Hold
2025-01-02 09:13:45,0.1839641505271134,0.0558271205558962,253.125,Hold
2025-01-02 09:13:46,0.1858757916423661,0.0516689559011116,253.4,Hold
2025-01-02 09:13:47,0.1864877127189158,0.054245701293627,253.9090909090909,Hold
2025-01-02 09:13:48,0.1855362611485311,0.0509272557093252,254.6875,Hold
2025-01-02 09:13:49,0.1603978914439908,0.0217599281734421,260.3076923076923,Hold
2025-01-02 09:13:50,-0.1145944019144897,-0.2334026302105687,332.96153846153845,Sell
2025-01-02 09:13:51,-0.3080282656421516,-0.4659662056991192,404.8888888888889,Sell
2025-01-02 09:13:52,-0.3473041079549689,-0.4931569277588545,406.45454545454544,Sell
2025-01-02 09:13:53,-0.1749663687382079,-0.2179019158938324,314.8,Sell
2025-01-02 09:13:54,0.0182964923204649,0.0186625054273459,255.5,Buy
2025-01-02 09:13:55,-0.0009255031827146,0.0209727244053077,260.0,Buy
2025-01-02 09:13:56,-0.0072820925091479,0.0084896172442683,261.5,Buy
2025-01-02 09:13:57,-0.0064790332357252,0.0136824274735078,261.5,Buy
2025-01-02 09:13:58,-0.0052141413398583,0.0151717172797178,261.5,Buy
2025-01-02 09:13:59,-0.0036845046285774,0.0115041476100725,261.5,Buy
2025-01-02 09:14:00,0.0126841678321678,0.0154574929935882,260.41666666666663,Hold
2025-01-02 09:14:01,0.0661054512617013,0.0224427139089504,258.5454545454545,Hold
2025-01-02 09:14:02,0.1048291033954726,0.0325176230865276,257.65,Hold
2025-01-02 09:14:03,0.1287896504251587,0.0322608829754855,259.09375,Hold
2025-01-02 09:14:04,0.157640801755527,0.0217842711095539,260.0416666666667,Hold
2025-01-02 09:14:05,0.2102233810486967,0.0349038218285913,255.84615384615384,Hold
2025-01-02 09:14:06,0.2222790696854892,0.020418655567983,259.8636363636364,Hold
2025-01-02 09:14:07,0.2240566701255245,0.0041210112077616,263.6,Hold
2025-01-02 09:14:08,0.2203972105115896,-0.0026797569739052,264.8076923076923,Sell
2025-01-02 09:14:09,0.2181774936718439,-0.0116518336093045,265.5,Sell
2025-01-02 09:14:10,0.0969927273562861,-0.1109915210685468,292.25,Sell
2025-01-02 09:14:11,-0.182137245843751,-0.373640675153293,377.7142857142857,Sell
2025-01-02 09:14:12,-0.1375802247020356,-0.3271887562091393,347.875,Sell
2025-01-02 09:14:13,-0.1336028705288667,-0.2793825279010844,337.125,Sell
2025-01-02 09:14:14,-0.1810735594149548,-0.3119709801737302,345.76666666666665,Sell
2025-01-02 09:14:15,-0.1958252223899336,-0.3050476229562511,341.8076923076923,Sell
2025-01-02 09:14:16,-0.2130123565692488,-0.2973135822034889,339.8125,Sell
2025-01-02 09:14:17,-0.1645608235572595,-0.2125984023525959,313.9545454545455,Sell
2025-01-02 09:14:18,-0.0306494825017478,-0.0453060536292364,269.9,Sell
2025-01-02 09:14:19,-0.0250779929305683,-0.0204459277662276,268.05555555555554,Sell
2025-01-02 09:14:20,-0.0092555020710979,-0.0055325155258427,263.95000000000005,Sell
2025-01-02 09:14:21,0.0047112111402353,0.0079279603121196,260.9375,Buy
2025-01-02 09:14:22,0.0161721028047113,0.025074008049597,258.83333333333337,Buy
2025-01-02 09:14:23,0.0237805580165266,0.0329726305216753,257.8235294117647,Buy
2025-01-02 09:14:24,0.0331892793150101,0.0355252156595748,256.5,Buy
2025-01-02 09:14:25,0.0269311686719628,0.025221555719926,258.9642857142857,Buy
2025-01-02 09:14:26,0.002992317030729,-0.0070894343225775,265.3636363636364,Sell
2025-01-02 09:14:27,0.0143927200459437,0.0104701618542806,262.57142857142856,Buy
2025-01-02 09:14:28,0.01276360930692,0.0097408868499959,263.27777777777777,Buy
2025-01-02 09:14:29,0.0059381275158205,-0.0046646341997524,265.1111111111111,Sell
2025-01-02 09:14:30,0.0034217819609493,-0.0107595970142029,265.6875,Sell
2025-01-02 09:14:31,-0.0049166829773556,-0.0229670685157292,267.5357142857143,Sell
2025-01-02 09:14:32,-0.0056947464845542,-0.0148147011808184,267.3571428571429,Sell
2025-01-02 09:14:33,-0.0064070140600684,-0.0117466563203059,267.17857142857144,Sell
2025-01-02 09:14:34,-0.0070433526431967,-0.0157797209941039,267.08333333333337,Sell
2025-01-02 09:14:35,-0.0107690225551112,-0.0218626322465225,268.21875,Sell
2025-01-02 09:14:36,-0.0095057449817622,-0.0221119099800739,267.55555555555554,Sell
2025-01-02 09:14:37,0.0001218929148986,0.0002940419765991,264.5,Buy
2025-01-02 09:14:38,-0.0089308876335611,-0.0073677323285834,266.1538461538462,Sell
2025-01-02 09:14:39,-0.0092995692728986,-0.0111983141431815,265.58333333333337,Sell
2025-01-02 09:14:40,-0.0082235210870029,-0.0070930455978772,264.8,Sell
2025-01-02 09:14:41,-0.0046539625098127,-0.0046043932153665,263.77272727272725,Sell
2025-01-02 09:14:42,0.0044000933706816,0.0017949327015682,263.5,Buy
2025-01-02 09:14:43,0.0233944007710611,0.0033854063406153,263.5,Buy
2025-01-02 09:14:44,0.0192982258687764,-0.0044962333115123,264.4375,Sell
2025-01-02 09:14:45,-0.0021125246635449,-0.0274231331396459,269.5,Sell
2025-01-02 09:14:46,0.0165856880183121,-0.0081198563307296,264.375,Sell
2025-01-02 09:14:47,0.035771433461075,0.0222759587289533,259.70000000000005,Buy
2025-01-02 09:14:48,0.0416853877410719,0.0308795393982617,258.6,Buy
2025-01-02 09:14:49,0.0420345289431985,0.0250094023813607,258.95,Buy
2025-01-02 09:14:50,0.0396595003969948,0.0191212217918552,259.8888888888889,Buy
2025-01-02 09:14:51,0.0275511497374614,0.0045328431111331,263.0,Buy
2025-01-02 09:14:52,-0.0581823504809702,-0.0703952394089697,284.6428571428571,Sell
2025-01-02 09:14:53,-0.1618667942380269,-0.1766016968613089,313.54999999999995,Sell
2025-01-02 09:14:54,-0.0029381965552179,-0.0177659965326082,263.2,Sell
2025-01-02 09:14:55,-0.005175904834219,0.0033520063612204,263.4,Buy
2025-01-02 09:14:56,-0.0043654822335024,0.0052214324850201,262.66666666666663,Buy
2025-01-02 09:14:57,-0.0035019083969466,0.0138254144585208,262.0,Buy
2025-01-02 09:14:58,-0.0069238095238095,0.0127102392519533,262.5,Buy
2025-01-02 09:14:59,-0.011776904310111,0.0048441224528645,263.5,Buy
2025-01-02 09:15:00,-0.0129786753411041,0.0028555767875024,263.5,Buy
2025-01-02 09:15:01,-0.0144695942893286,0.0015541076348348,263.5,Buy
2025-01-02 09:15:02,-0.0143613072605466,0.0101745175705558,263.0,Buy
2025-01-02 09:15:03,-0.0049161457389307,0.0201754949114887,260.70000000000005,Buy
2025-01-02 09:15:04,-9.783889841682364e-05,0.0206428227031512,259.5,Buy
2025-01-02 09:15:05,5.202194508564808e-05,0.0181829713777668,259.5,Buy
2025-01-02 09:15:06,0.0086770214682836,0.0296146323878754,257.5,Buy
2025-01-02 09:15:07,0.0085056864532849,0.0356934924000604,257.625,Buy
2025-01-02 09:15:08,0.0050146130465282,0.0330701093280423,258.5,Buy
2025-01-02 09:15:09,-0.0127826204580107,0.0204734483787947,260.6428571428571,Buy
2025-01-02 09:15:10,-0.0329079898974266,0.0192919975011742,260.33333333333337,Buy
2025-01-02 09:15:11,-0.0413547326061084,0.0212707138173839,259.57142857142856,Buy
2025-01-02 09:15:12,-0.0361164219769419,0.0337050934925837,258.3571428571429,Buy
2025-01-02 09:15:13,-0.0519429801012024,0.014920899990892,262.6538461538462,Buy
2025-01-02 09:15:14,-0.0416181185900002,0.0208842096500723,260.0625,Buy
2025-01-02 09:15:15,-0.0403708027756768,0.021146316559115,259.8888888888889,Hold
2025-01-02 09:15:16,-0.039318597868253,0.0194190127071507,259.70833333333337,Hold
2025-01-02 09:15:17,-0.0323603460168378,0.0309952572035694,258.44444444444446,Hold
2025-01-02 09:15:18,-0.0294635914264254,0.0338216823562202,258.3,Hold
2025-01-02 09:15:19,0.074721559291271,0.1439736344973625,235.79166666666669,Hold
2025-01-02 09:15:20,0.2654330291030125,0.2875136216604848,204.88461538461536,Hold
2025-01-02 09:15:21,0.1409895026565713,0.2028753944681467,230.27777777777777,Hold
2025-01-02 09:15:22,0.0087904282716962,0.039918125315955,260.25,Hold
2025-01-02 09:15:23,-0.0023152212866497,0.0132065801805358,262.5,Hold
2025-01-02 09:15:24,-0.0020526880635367,0.0086839453557514,262.3461538461538,Hold
2025-01-02 09:15:25,0.0012895060064869,0.0119841505093432,261.4666666666667,Hold
2025-01-02 09:15:26,0.0072290088048437,0.0126771360480113,260.70833333333337,Hold
2025-01-02 09:15:27,-0.0042427171927171,0.0045789843675418,264.2857142857143,Hold
2025-01-02 09:15:28,-0.0062008956517247,0.001679816236811,264.38461538461536,Hold
2025-01-02 09:15:29,-0.0043044819565731,0.0044183288364063,263.0,Hold
2025-01-02 09:15:30,-0.0090573920781102,0.0008736601695789,263.45833333333337,Hold
2025-01-02 09:15:31,-0.0156944033500368,-0.0086881231746667,265.0454545454545,Sell
2025-01-02 09:15:32,0.013307382758087,0.0279503396851159,258.1818181818182,Buy
2025-01-02 09:15:33,0.0258172894033001,0.0416496420282461,256.04545454545456,Hold
2025-01-02 09:15:34,0.0065711439612011,0.0179898726826466,261.5,Hold
2025-01-02 09:15:35,0.0091685677710267,0.0141159464828661,261.42857142857144,Hold
2025-01-02 09:15:36,-0.0181850446649403,-0.0241541887745044,268.6,Sell
2025-01-02 09:15:37,-0.0242018629518628,-0.0305657817435605,270.0,Sell
2025-01-02 09:15:38,0.0153884585481037,0.0176643093048616,260.1923076923077,Buy
2025-01-02 09:15:39,0.0444337309391841,0.0454259421309093,254.22727272727275,Buy
2025-01-02 09:15:40,0.0437537945854972,0.0435041138537364,255.5,Hold
2025-01-02 09:15:41,0.014549236505195,0.0056652431102446,263.1818181818182,Hold
2025-01-02 09:15:42,0.0098810271126656,-0.0049863335491355,265.5,Sell
2025-01-02 09:15:43,0.0240288948465892,-0.0111404278357865,266.42857142857144,Sell
2025-01-02 09:15:44,0.0324556751416835,-0.0196446124064124,267.125,Sell
2025-01-02 09:15:45,0.0313246265676172,-0.0245097847540189,267.5,Sell
2025-01-02 09:15:46,0.0316984583433183,-0.0261575976945285,267.5,Sell
2025-01-02 09:15:47,0.031898725366015,-0.0201968994027732,267.5,Sell
2025-01-02 09:15:48,0.0325840836214668,-0.0183227789323425,267.5,Sell
2025-01-02 09:15:49,0.036158849976607,-0.022066243537236,267.5,Sell
2025-01-02 09:15:50,0.0597824200970654,-0.0214704550141402,267.05555555555554,Sell
2025-01-02 09:15:51,0.067957909820011,-0.0194081445011644,266.5,Sell
2025-01-02 09:15:52,0.0278996020297421,-0.0521867412929353,276.625,Sell
2025-01-02 09:15:53,-0.1059597566176513,-0.1806217631513218,313.5,Sell
2025-01-02 09:15:54,-0.0639786039524891,-0.1505495442023898,296.76666666666665,Sell
2025-01-02 09:15:55,0.0367032665151484,-0.0417319561736506,268.3461538461538,Sell
2025-01-02 09:15:56,0.0355336640392506,-0.0292952756584146,268.5,Sell
2025-01-02 09:15:57,0.0348341534365361,-0.021100720433139,268.0357142857143,Sell
2025-01-02 09:15:58,0.0266762086090425,-0.0287710316648257,269.33333333333337,Sell
2025-01-02 09:15:59,-0.0077751262255601,-0.0609974676094364,277.0625,Sell
2025-01-02 09:16:00,-0.1753653623570339,-0.2229131179678216,325.53846153846155,Sell
2025-01-02 09:16:01,-0.0569527575438458,-0.1067320906663358,282.4,Sell
2025-01-02 09:16:02,-0.0314250258773927,-0.0503173608550961,273.94444444444446,Sell
2025-01-02 09:16:03,-0.0304616023690386,-0.0394820811731335,272.8888888888889,Sell
2025-01-02 09:16:04,-0.028575567992787,-0.0382243518101754,271.75,Sell
2025-01-02 09:16:05,-0.0337117916830049,-0.0429894061167985,272.5,Sell
2025-01-02 09:16:06,-0.0138301401944212,-0.0218808127769847,266.9545454545455,Sell
2025-01-02 09:16:07,0.0112437115584436,0.0100980577944107,261.3529411764706,Buy
2025-01-02 09:16:08,0.017688970126778,0.01728898122151,260.7894736842105,Buy
2025-01-02 09:16:09,0.0216929583356978,0.0124765277066689,260.9642857142857,Buy
2025-01-02 09:16:10,0.0265222663569184,0.0111451066765926,260.95833333333337,Buy
2025-01-02 09:16:11,0.0308768580629447,0.0084532021822474,261.0625,Buy
2025-01-02 09:16:12,0.0221006126985977,0.0020288305106725,264.1363636363636,Buy
2025-01-02 09:16:13,0.018660080897565,-0.0026904334653317,265.2941176470588,Sell
2025-01-02 09:16:14,0.0174088802909131,-0.0104322556690452,265.8333333333333,Sell
2025-01-02 09:16:15,0.01971184733858,-0.0142988364793665,265.7894736842105,Sell
2025-01-02 09:16:16,0.0182983759359905,-0.0205078176022484,266.44444444444446,Sell
2025-01-02 09:16:17,-0.0023457189668074,-0.0351729826682429,271.6428571428571,Sell
2025-01-02 09:16:18,-0.0045898382603053,-0.0364473051116784,271.9,Sell
2025-01-02 09:16:19,-0.0109932285791076,-0.0460416860152639,273.1923076923077,Sell
2025-01-02 09:16:20,-0.0139340321470119,-0.0500497858833641,273.5,Sell
2025-01-02 09:16:21,-0.0157621857119114,-0.0515565126362809,273.5,Sell
2025-01-02 09:16:22,-0.0146688260652103,-0.0417193391335528,272.6428571428571,Sell
2025-01-02 09:16:23,0.0005769313605134,-0.0220325440656092,268.0,Sell
2025-01-02 09:16:24,-0.0016957959122138,-0.0227820303025545,268.0,Sell
2025-01-02 09:16:25,-0.018606137682575,-0.0382589172079896,271.4642857142857,Sell
2025-01-02 09:16:26,-0.0148453611858545,-0.0300723818869419,269.3571428571429,Sell
2025-01-02 09:16:27,-0.015424809000228,-0.0166782958295028,268.5,Sell
2025-01-02 09:16:28,-0.0185627281104925,-0.0145802665647674,268.3636363636364,Sell
2025-01-02 09:16:29,-0.0235947865131017,-0.0203282760123006,268.5625,Sell
2025-01-02 09:16:30,-0.0329785117634279,-0.02198584698944,268.5,Sell
2025-01-02 09:16:31,-0.0492843776852157,-0.023151461596266,268.5,Sell
2025-01-02 09:16:32,-0.0559391747953152,-0.0108014245412328,267.1875,Sell
2025-01-02 09:16:33,-0.0549815800039833,0.0074877683997378,263.1111111111111,Buy
2025-01-02 09:16:34,-0.0645595189699691,0.0083941169217072,261.9090909090909,Buy
2025-01-02 09:16:35,-0.0552471885802995,0.0168156741962341,260.1428571428571,Buy
2025-01-02 09:16:36,-0.0373550175259085,0.023459529030386,258.8076923076923,Buy
2025-01-02 09:16:37,-0.0017153071862082,0.0313033388248502,258.5,Buy
2025-01-02 09:16:38,0.042484892081845,0.0343693023398894,258.6,Buy
2025-01-02 09:16:39,0.0910514764824961,0.0356566748381588,257.0,Buy
2025-01-02 09:16:40,0.2086766922760733,0.1075103364617251,242.69444444444449,Buy
2025-01-02 09:16:41,0.339343408942172,0.200169742541312,224.71875,Buy
2025-01-02 09:16:42,0.2955611261119427,0.1596547578630542,236.92857142857144,Buy
2025-01-02 09:16:43,0.3721302750941492,0.1988127929442285,227.1470588235294,Buy
2025-01-02 09:16:44,0.401803857827935,0.2128485224575464,225.4642857142857,Buy
2025-01-02 09:16:45,0.1803380734397391,0.0332246381077803,267.8461538461538,Buy
2025-01-02 09:16:46,0.0720336633926376,-0.1142516057865805,292.5,Sell
2025-01-02 09:16:47,-0.121643138740454,-0.2918468408199841,347.66666666666663,Sell
2025-01-02 09:16:48,-0.212529012843268,-0.3919641580292641,373.9,Sell
2025-01-02 09:16:49,-0.2218375642781219,-0.3827662820444175,365.1363636363636,Sell
2025-01-02 09:16:50,-0.2664656870038597,-0.3983026017222346,372.08333333333337,Sell
2025-01-02 09:16:51,-0.1072691420202857,-0.1902577973418315,301.08333333333337,Sell
2025-01-02 09:16:52,-0.1030023874415906,-0.1403741244783773,296.72727272727275,Sell
2025-01-02 09:16:53,-0.0196908684073145,-0.0539030842669667,274.3461538461538,Sell
2025-01-02 09:16:54,0.0073999828737143,-0.0234482563777309,269.27777777777777,Sell
2025-01-02 09:16:55,0.0172196832801567,-0.02085376801193,268.7692307692308,Sell
2025-01-02 09:16:56,0.0449361729674548,-0.0141747313878253,266.70833333333337,Sell
2025-01-02 09:16:57,0.0669197851502213,-0.0037481960083118,265.72222222222223,Sell
2025-01-02 09:16:58,0.0901863752097267,0.0029846652508902,264.5,Buy
2025-01-02 09:16:59,0.1087083116238728,0.0096357481671836,262.1363636363636,Buy
2025-01-02 09:17:00,0.1228456422984057,0.0164019211072001,260.0882352941177,Buy
2025-01-02 09:17:01,0.1305601648362569,0.0168453388891354,259.5882352941177,Buy
2025-01-02 09:17:02,0.0862070498061352,-0.0197956290171175,270.5,Sell
2025-01-02 09:17:03,-0.037550862245376,-0.1339433201957576,302.15,Sell
2025-01-02 09:17:04,-0.0160951193075869,-0.0991694231251234,292.54166666666663,Sell
2025-01-02 09:17:05,-0.0170981945869402,-0.1065087912811804,290.03846153846155,Sell
2025-01-02 09:17:06,-0.1260813530175804,-0.2118608089135427,319.66666666666663,Sell
2025-01-02 09:17:07,-0.1261943893190224,-0.2024267601453073,313.83333333333337,Sell
2025-01-02 09:17:08,-0.1196613605365917,-0.1955280079815693,313.0,Sell
2025-01-02 09:17:09,-0.0333560132590335,-0.1050134245230964,284.92105263157896,Sell
2025-01-02 09:17:10,0.0071210002634404,-0.0541837616798206,274.15,Sell
2025-01-02 09:17:11,0.0094363341443631,-0.0489463209929557,274.0,Sell
2025-01-02 09:17:12,0.0107079107505069,-0.043534192846681,273.8888888888889,Sell
2025-01-02 09:17:13,0.0191973039215687,-0.0340782564580286,272.0,Sell
2025-01-02 09:17:14,0.0595244134432465,1.143347274457085e-05,262.83333333333337,Buy
2025-01-02 09:17:15,0.065226984126984,0.0047128055390244,262.5,Buy
2025-01-02 09:17:16,0.0692493930905694,0.0036191337277886,262.5,Buy
2025-01-02 09:17:17,0.0719160597572361,0.0096019586805553,262.5,Buy
2025-01-02 09:17:18,-0.1556929123207792,-0.2045722585308136,326.1666666666667,Sell
2025-01-02 09:17:19,-0.0360859263202283,-0.1098687023378239,283.6333333333333,Sell
2025-01-02 09:17:20,-0.0340881185488155,-0.0825214131577465,281.0,Sell
2025-01-02 09:17:21,-0.0327271774496731,-0.0736729107385418,278.83333333333337,Sell
2025-01-02 09:17:22,-0.0287194979627769,-0.0529860054478554,276.25,Sell
2025-01-02 09:17:23,-0.0326533794956107,-0.0468073558114128,276.0,Sell
2025-01-02 09:17:24,-0.0350711065388113,-0.0477183197863153,275.4,Sell
2025-01-02 09:17:25,-0.0337981573927945,-0.0440010780564821,273.9375,Sell
2025-01-02 09:17:26,-0.0341896610498506,-0.0432214508282231,273.05882352941177,Sell
2025-01-02 09:17:27,-0.0236622081399993,-0.0247775452890319,269.5,Sell
2025-01-02 09:17:28,-0.0126296376329517,-0.0087898283283642,266.2352941176471,Sell
2025-01-02 09:17:29,-0.0028737312226506,-0.001237567499803,263.76666666666665,Sell
2025-01-02 09:17:30,0.0084401466711539,0.0097235093585372,261.2307692307692,Buy
2025-01-02 09:17:31,0.0080840475280671,0.0081098550828606,261.70000000000005,Buy
2025-01-02 09:17:32,0.0063491559266652,0.0111364137171712,262.33333333333337,Buy
2025-01-02 09:17:33,0.0051889613920608,0.0099315283610201,262.7142857142857,Buy
2025-01-02 09:17:34,0.0044976986407933,0.0050983386308052,262.9375,Buy
2025-01-02 09:17:35,0.0033010995650446,0.001308789291911,263.3125,Buy
2025-01-02 09:17:36,0.0032196867016601,-0.0019728914439258,263.5,Sell
2025-01-02 09:17:37,0.0037889466637094,0.0041757594004383,263.5,Buy
2025-01-02 09:17:38,0.0033811455228289,0.0037067573708708,263.7333333333333,Buy
2025-01-02 09:17:39,-0.0022157317772593,-0.0053663812705404,265.125,Sell
2025-01-02 09:17:40,-0.0041021188478817,-0.0110474378219822,265.5,Sell
2025-01-02 09:17:41,-0.0051434393308771,-0.0123280205131468,265.5,Sell
2025-01-02 09:17:42,-0.0011126175735562,0.0009227163583709,264.16666666666663,Buy
2025-01-02 09:17:43,0.0003472493016528,0.005409245929798,263.5,Buy
2025-01-02 09:17:44,-3.227404182238344e-05,0.0019801018034155,263.3636363636364,Buy
2025-01-02 09:17:45,-0.0021628483352992,-0.0027340402546995,263.92857142857144,Sell
2025-01-02 09:17:46,-0.0066961635805685,-0.0121146680939807,265.16666666666663,Sell
2025-01-02 09:17:47,-0.0054183237221528,-0.0064189107413001,265.0,Sell
2025-01-02 09:17:48,-0.0037202105146056,-0.0041414658677298,265.0,Sell
2025-01-02 09:17:49,0.0011482684121672,-0.002968597953598,264.25,Sell
2025-01-02 09:17:50,0.0032046042434029,-0.0035805102850428,264.2333333333333,Sell
2025-01-02 09:17:51,0.0112274390224128,0.0004468834250799,262.7352941176471,Buy
2025-01-02 09:17:52,0.0184673623069721,0.0115771536219984,261.55,Buy
2025-01-02 09:17:53,0.0243224369333215,0.0185110220428961,260.6875,Buy
2025-01-02 09:17:54,0.0247961888048095,0.0141678748079543,261.0,Buy
2025-01-02 09:17:55,0.0132047039981429,-2.841707595391263e-05,263.95454545454544,Sell
2025-01-02 09:17:56,0.0065536237146406,-0.009567955658901,265.5,Sell
2025-01-02 09:17:57,0.0007489848531664,-0.0127668604041981,266.7307692307692,Sell
2025-01-02 09:17:58,-0.0116035093539731,-0.0280204883098347,269.5,Sell
2025-01-02 09:17:59,-0.0141457061702093,-0.0322556292476674,269.6428571428571,Sell
2025-01-02 09:18:00,-0.015911310396468,-0.0323784937160414,269.5,Hold
2025-01-02 09:18:01,-0.0159668812452497,-0.0284729604863485,268.7857142857143,Hold
2025-01-02 09:18:02,-0.0176820184781077,-0.020929963497666,268.5,Hold
2025-01-02 09:18:03,-0.0154620909346422,-0.0118978053089915,267.16666666666663,Hold
2025-01-02 09:18:04,-0.0104219334546625,-0.0053707722791611,265.4375,Hold
2025-01-02 09:18:05,-0.0042819281293418,0.003356967798856,263.6363636363636,Buy
2025-01-02 09:18:06,-0.0046809010091742,0.0036788905247491,263.5,Buy
2025-01-02 09:18:07,-0.006027138857311,0.008727003609483,263.6363636363636,Buy
2025-01-02 09:18:08,-0.0098603312026876,0.0086217757289528,263.9230769230769,Buy
2025-01-02 09:18:09,-0.0147588646003673,0.0013518978316235,264.20000000000005,Buy
2025-01-02 09:18:10,-0.0136935140281657,0.0034272429298314,263.3333333333333,Buy
2025-01-02 09:18:11,-0.0081342675905817,0.0110105128540052,261.6071428571429,Buy
2025-01-02 09:18:12,-0.0074529447039823,0.0185774662420583,261.08333333333337,Buy
2025-01-02 09:18:13,-0.0042089403651903,0.0255953005577875,260.0,Buy
2025-01-02 09:18:14,-0.0123577571031016,0.0136323428085318,261.79166666666663,Buy
2025-01-02 09:18:15,-0.0155405197008249,0.0102800972513876,262.0,Buy
2025-01-02 09:18:16,-0.015020117610647,0.0123853452319591,261.0909090909091,Buy
2025-01-02 09:18:17,-0.0175930147200864,0.0169189521549733,261.44444444444446,Buy
2025-01-02 09:18:18,0.0009661696718801,0.0406246925490729,256.65625,Buy
2025-01-02 09:18:19,0.0130368753621706,0.0489409808117478,254.0,Buy
2025-01-02 09:18:20,-2.998667352312905e-05,0.0335534485648509,257.6,Buy
2025-01-02 09:18:21,-0.0051212455336912,0.0258046193232277,259.125,Buy
2025-01-02 09:18:22,0.0019810760067877,0.0389934841885755,257.66666666666663,Buy
2025-01-02 09:18:23,0.0019070403783315,0.0408684988025662,257.6818181818182,Buy
2025-01-02 09:18:24,-0.003252441035542,0.0325983548268939,258.3,Buy
2025-01-02 09:18:25,0.0052009630354981,0.0431699189610652,255.71875,Buy
2025-01-02 09:18:26,0.0136348168596689,0.0524573052989552,253.5,Buy
2025-01-02 09:18:27,-0.0068302630754219,0.0357560370567842,258.2,Buy
2025-01-02 09:18:28,-0.004656749955584,0.0395923925793937,257.25,Buy
2025-01-02 09:18:29,-0.0104819498934501,0.031815604376663,258.07142857142856,Buy
2025-01-02 09:18:30,-0.0228019300621412,0.0177937283872742,260.4090909090909,Buy
2025-01-02 09:18:31,-0.0289532876190984,0.0119130842255947,261.18181818181813,Buy
2025-01-02 09:18:32,-0.0325533470513549,0.0154252324451551,261.4583333333333,Buy
2025-01-02 09:18:33,-0.0175747567052668,0.0352314252906997,257.6428571428572,Buy
2025-01-02 09:18:34,0.0124081484209219,0.0645083857905512,251.16666666666669,Buy
2025-01-02 09:18:35,0.0133753070917726,0.0640133427645959,251.6071428571429,Buy
2025-01-02 09:18:36,0.0104107568868877,0.0569029381319607,252.57692307692307,Buy
2025-01-02 09:18:37,0.0514615547495983,0.0621438103443587,253.0,Buy
2025-01-02 09:18:38,0.068807425566582,0.0613405237570279,253.40625,Buy
2025-01-02 09:18:39,0.1197684142224944,0.0660035566093459,251.2142857142857,Buy
2025-01-02 09:18:40,0.1417636679807351,0.0660710096699945,251.4583333333333,Buy
2025-01-02 09:18:41,0.1585741649511438,0.0612895582819523,252.66666666666669,Buy
2025-01-02 09:18:42,0.1700624365568498,0.0552234828984543,254.73076923076923,Buy
2025-01-02 09:18:43,0.1677566288246635,0.0325849570481608,259.32142857142856,Buy
2025-01-02 09:18:44,0.1690233165266453,0.0076176944546131,262.85,Buy
2025-01-02 09:18:45,0.2037825096674227,0.0263109290747158,258.5,Buy
2025-01-02 09:18:46,0.2319412700190731,0.0454441170461048,254.91666666666663,Buy
2025-01-02 09:18:47,-0.1457798723951577,-0.2897743265846937,361.1333333333333,Sell
2025-01-02 09:18:48,0.0227893537927795,-0.184581752299451,301.6333333333333,Sell
2025-01-02 09:18:49,-0.1567348438443455,-0.3130992167332604,355.8076923076923,Sell
2025-01-02 09:18:50,-0.0499507941349621,-0.2042275804966347,309.5,Sell
2025-01-02 09:18:51,-0.0523340282798101,-0.1821498915784096,308.9375,Sell
2025-01-02 09:18:52,-0.0503688125754114,-0.1721657716615081,307.9090909090909,Sell
2025-01-02 09:18:53,-0.0489820225911232,-0.1685970712538824,307.05555555555554,Sell
2025-01-02 09:18:54,-0.0524126703814204,-0.1744507981635641,307.38461538461536,Sell
2025-01-02 09:18:55,-0.02157977526675,-0.1445305475307639,297.5,Sell
2025-01-02 09:18:56,0.0238982639577745,-0.0933755549087325,283.5625,Sell
2025-01-02 09:18:57,-0.0609626894785062,-0.154548851230047,305.58333333333337,Sell
2025-01-02 09:18:58,-0.0596356108000225,-0.1436635904899672,301.8333333333333,Sell
2025-01-02 09:18:59,0.0466124055463956,-0.0324081176567268,271.1363636363636,Sell
2025-01-02 09:19:00,0.1443588734245047,0.0634576186619049,249.5,Buy
2025-01-02 09:19:01,-0.0467575098722947,-0.0978953715408323,296.2307692307692,Sell
2025-01-02 09:19:02,-0.0852743400808224,-0.1572244011136772,304.2142857142857,Sell
2025-01-02 09:19:03,-0.0951901138252576,-0.1553193346578132,303.20833333333337,Sell
2025-01-02 09:19:04,-0.0973194852880849,-0.1526831571006415,299.96875,Sell
2025-01-02 09:19:05,-0.0897761760005985,-0.1429183079626199,295.5625,Sell
2025-01-02 09:19:06,-0.0154239517787363,-0.0719328580020512,276.1538461538462,Sell
2025-01-02 09:19:07,0.0096704951444675,-0.039225918339832,271.7333333333333,Sell
2025-01-02 09:19:08,0.0229261836293489,-0.0313080041558224,270.625,Sell
2025-01-02 09:19:09,0.0317386747170305,-0.0345180294848999,270.54999999999995,Sell
2025-01-02 09:19:10,0.0525189309318605,-0.0186906468739329,266.92857142857144,Sell
2025-01-02 09:19:11,0.0618730691388936,-0.0079212635405014,264.8529411764706,Sell
2025-01-02 09:19:12,0.0695366116301041,0.0060306590247514,263.1428571428571,Buy
2025-01-02 09:19:13,0.0668165002574129,0.0022507934921744,263.94117647058823,Buy
2025-01-02 09:19:14,0.0653903152467771,-0.0062549906253031,264.2692307692308,Sell
2025-01-02 09:19:15,0.00691734022645,-0.0607366722910394,278.08333333333337,Sell
2025-01-02 09:19:16,-0.0954692458724296,-0.1611514686392452,304.8181818181818,Sell
2025-01-02 09:19:17,-0.0800203598976373,-0.1412710128528675,296.4,Sell
2025-01-02 09:19:18,-0.0851874057717051,-0.1312450533445492,295.30769230769226,Sell
2025-01-02 09:19:19,-0.0878935120506002,-0.127979221172324,293.625,Sell
2025-01-02 09:19:20,-0.0666768100628175,-0.0983303047259036,285.0333333333333,Sell
2025-01-02 09:19:21,-0.0071437909738761,-0.0321066875300692,267.78125,Sell
2025-01-02 09:19:22,0.0034066631087188,-0.0044584470113637,265.15,Sell
2025-01-02 09:19:23,0.0036332518781632,-0.002578066942652,265.3,Sell
2025-01-02 09:19:24,0.0099579610730179,-0.0012816861387774,264.0,Sell
2025-01-02 09:19:25,0.0171696360821778,0.0032594461425639,262.6538461538462,Buy
2025-01-02 09:19:26,0.0223913036914139,0.0053568022317471,261.9230769230769,Buy
2025-01-02 09:19:27,0.0073865152587603,-0.0055840748094198,266.0454545454545,Sell
2025-01-02 09:19:28,-0.0078840087381755,-0.0285045623857025,270.0,Sell
2025-01-02 09:19:29,-0.0090538811743225,-0.0362137466649674,270.2857142857143,Sell
2025-01-02 09:19:30,0.0034866614000972,-0.0208657946229691,267.1428571428571,Sell
2025-01-02 09:19:31,0.0082248060597188,-0.0152926202533367,266.1818181818182,Sell
2025-01-02 09:19:32,0.0047607191497641,-0.0139543278391411,267.0,Sell
2025-01-02 09:19:33,0.0029576858418742,-0.0158876498427695,267.40625,Sell
2025-01-02 09:19:34,0.0016577326403593,-0.0213414080799803,267.65,Sell
2025-01-02 09:19:35,-0.0007298267652744,-0.0256184336707392,268.0,Sell
2025-01-02 09:19:36,-0.0030378167513032,-0.0283137467367631,268.16666666666663,Sell
2025-01-02 09:19:37,-0.0050415858286071,-0.0217938453566024,268.27272727272725,Sell
2025-01-02 09:19:38,-0.0073693797227902,-0.0231264538074171,268.6071428571429,Sell
2025-01-02 09:19:39,-0.0134335243395285,-0.0347361184349903,269.95833333333337,Hold
2025-01-02 09:19:40,-0.0123122764681205,-0.0356901614740658,269.5,Hold
2025-01-02 09:19:41,-0.011811227350889,-0.035123646011888,269.15,Hold
2025-01-02 09:19:42,-0.0001358447317094,-0.0113971051914025,266.0,Hold
2025-01-02 09:19:43,-0.00170191136988,-0.0110829221463533,266.66666666666663,Hold
2025-01-02 09:19:44,0.0001659089972347,-0.016225064230277,266.61538461538464,Hold
2025-01-02 09:19:45,0.0080788519711461,-0.0096067303440419,265.1071428571429,Hold
2025-01-02 09:19:46,0.0164683443757544,-0.0038637963480159,263.6428571428571,Hold
2025-01-02 09:19:47,0.0180319626559076,0.00225049012135,263.9545454545455,Buy
2025-01-02 09:19:48,0.0133809421972381,-0.0042701011394934,265.6818181818182,Sell
2025-01-02 09:19:49,0.0099259347082381,-0.0153195265346699,267.0,Hold
2025-01-02 09:19:50,0.0077300490243588,-0.0217360234273382,268.0,Hold
2025-01-02 09:19:51,0.0131312430742919,-0.0198397679233113,267.04166666666663,Hold
2025-01-02 09:19:52,0.0187566842311,-0.0088155096994864,265.92857142857144,Hold
2025-01-02 09:19:53,0.0055101681991268,-0.0209396702886492,269.15625,Hold
2025-01-02 09:19:54,-0.0038483721422548,-0.0325212363604372,271.08333333333337,Hold
2025-01-02 09:19:55,-0.005957349333733,-0.0350823752709619,271.0,Hold
2025-01-02 09:19:56,-0.0082899798028948,-0.0362526330800723,271.0,Hold
2025-01-02 09:19:57,-0.0116274192359852,-0.0317408205098548,271.25,Hold
2025-01-02 09:19:58,-0.0133723362903927,-0.030440958251684,270.9090909090909,Hold
2025-01-02 09:19:59,-0.0174708503516232,-0.0368154433782426,271.1333333333333,Hold
2025-01-02 09:20:00,-0.025231877500581,-0.0449938334237278,272.2142857142857,Hold
2025-01-02 09:20:01,-0.0275660091574781,-0.0466030940989927,271.8076923076923,Hold
2025-01-02 09:20:02,-0.0187944155152732,-0.0311495185923131,269.6111111111111,Hold
2025-01-02 09:20:03,-0.005064665839559,-0.0149164537339012,266.38461538461536,Hold
2025-01-02 09:20:04,0.0033402364718178,-0.0104861465773959,265.0909090909091,Hold
2025-01-02 09:20:05,0.0095531555695496,-0.0072128210755852,264.4545454545455,Hold
2025-01-02 09:20:06,0.0124093623416169,-0.0078260277987582,264.67857142857144,Hold
2025-01-02 09:20:07,0.0159400118531688,-0.0015995575322196,264.67647058823525,Hold
2025-01-02 09:20:08,0.026615933412604,0.0094121042464043,262.8125,Buy
2025-01-02 09:20:09,0.0317497139951696,0.0080965510113018,262.2333333333333,Buy
2025-01-02 09:20:10,0.0365817544976913,0.0075777506877399,261.70833333333337,Buy
2025-01-02 09:20:11,0.0402517527087315,0.0087028675709599,261.5,Buy
2025-01-02 09:20:12,-0.0004505332842954,-0.0291752192034999,271.9,Sell
2025-01-02 09:20:13,0.0010474259737069,-0.02900148285356,271.3,Sell
2025-01-02 09:20:14,-0.012747419550698,-0.0527142075723803,274.5,Sell
2025-01-02 09:20:15,-0.0149332119004251,-0.0557316188915626,274.5,Sell
2025-01-02 09:20:16,-0.0160261080752885,-0.0570699621327461,274.5,Hold
2025-01-02 09:20:17,-0.0152524330900243,-0.0495975292128758,274.0,Hold
2025-01-02 09:20:18,-0.0087245648443245,-0.0389300826025995,271.93333333333334,Hold
2025-01-02 09:20:19,-0.0011361422019438,-0.0291899840151665,269.75,Hold
2025-01-02 09:20:20,0.001780868445986,-0.0273039819564573,268.9375,Hold
2025-01-02 09:20:21,0.0016181912440337,-0.0294677804818417,268.9375,Hold
2025-01-02 09:20:22,0.0001328334517321,-0.027348925718563,269.4166666666667,Hold
2025-01-02 09:20:23,0.0009248392988027,-0.0274191914333272,269.3666666666667,Hold
2025-01-02 09:20:24,0.004638054253439,-0.0285298273320773,268.66666666666663,Hold
2025-01-02 09:20:25,0.0058203249264701,-0.0299054343569105,268.5,Hold
2025-01-02 09:20:26,-0.0057771372274135,-0.0437729665513304,271.5,Hold
2025-01-02 09:20:27,-0.0050144591765166,-0.0365714377026122,271.2,Hold
2025-01-02 09:20:28,0.002453881205428,-0.0263656981909958,269.33333333333337,Hold
2025-01-02 09:20:29,0.0076686780449489,-0.0261705775220317,268.5769230769231,Hold
2025-01-02 09:20:30,0.009689403338597,-0.0300875836948339,268.66666666666663,Hold
2025-01-02 09:20:31,0.0127370069409175,-0.0309635113105208,268.5,Hold
2025-01-02 09:20:32,0.0080831110470283,-0.0304404129703996,270.2142857142857,Hold
2025-01-02 09:20:33,0.0066363756170028,-0.0318244134892791,271.0,Hold
2025-01-02 09:20:34,0.0055532248039777,-0.0399656049906456,271.6363636363636,Hold
2025-01-02 09:20:35,0.0135363756613754,-0.0339120065921585,270.0,Hold
2025-01-02 09:20:36,0.0146141898813654,-0.0337960681793241,270.1875,Hold
2025-01-02 09:20:37,0.0159896934460886,-0.0274384870503217,270.2857142857143,Hold
2025-01-02 09:20:38,0.0153022611905859,-0.0292278802724783,270.875,Hold
2025-01-02 09:20:39,-0.000169696969697,-0.0576650745410911,275.0,Hold
2025-01-02 09:20:40,-0.0007151515151514,-0.0621628478229281,275.0,Hold
2025-01-02 09:20:41,-0.0012606060606061,-0.0614653297448768,275.0,Hold
2025-01-02 09:20:42,-0.0022151515151515,-0.0553711429128305,275.0,Hold
2025-01-02 09:20:43,-0.0039294372294373,-0.0539459113487155,275.0,Hold
2025-01-02 09:20:44,-0.0058273182046355,-0.0584216166635183,275.1,Hold
2025-01-02 09:20:45,-0.0074994374340066,-0.0594251042132256,275.1,Hold
2025-01-02 09:20:46,-0.0088528138528138,-0.0603161393499669,275.0,Hold
2025-01-02 09:20:47,-0.010085137085137,-0.0534737659534891,275.0,Hold
2025-01-02 09:20:48,-0.0107297651843106,-0.0533574821871885,275.0,Hold
2025-01-02 09:20:49,-0.0085018909806273,-0.0544948311333117,274.33333333333337,Hold
2025-01-02 09:20:50,-0.0052980576198124,-0.0545479544559206,273.5,Hold
2025-01-02 09:20:51,-0.0048958638355347,-0.0545845339225976,273.5,Hold
2025-01-02 09:20:52,0.0005451353500918,-0.0426086400643206,272.375,Hold
2025-01-02 09:20:53,0.0103934295385141,-0.0313159926404944,270.2857142857143,Hold
2025-01-02 09:20:54,0.0100873458695333,-0.03546575847683,270.875,Hold
2025-01-02 09:20:55,0.0132688650433567,-0.035980785761623,270.5,Hold
2025-01-02 09:20:56,0.0155317835206841,-0.0368030740471376,270.2857142857143,Hold
2025-01-02 09:20:57,0.0113084890155865,-0.0353833258570814,271.6111111111111,Hold
2025-01-02 09:20:58,0.0050341955499167,-0.0383816202248423,273.22727272727275,Hold
2025-01-02 09:20:59,0.001708060061173,-0.0465013749662039,273.85,Hold
2025-01-02 09:21:00,-0.000454581914436,-0.0488606480488944,274.0,Hold
2025-01-02 09:21:01,-0.0053834866881117,-0.05347457698914,274.6,Hold
2025-01-02 09:21:02,-0.0142329907411429,-0.0559466830854238,276.0,Hold
2025-01-02 09:21:03,-0.017783715378824,-0.0554059996967846,276.0,Hold
2025-01-02 09:21:04,-0.0211049714174714,-0.0606717341897897,276.0,Hold
2025-01-02 09:21:05,-0.0214447834098652,-0.0574167830155829,275.3181818181818,Hold
2025-01-02 09:21:06,-0.0202164395912641,-0.0547140650009916,274.2307692307692,Hold
2025-01-02 09:21:07,-0.0207125385579333,-0.0459041364985883,273.6,Hold
2025-01-02 09:21:08,-0.0189898551893832,-0.0368027829592423,272.42857142857144,Hold
2025-01-02 09:21:09,-0.0149913831555897,-0.0348474412919197,271.0,Hold
2025-01-02 09:21:10,-0.0104608638614916,-0.0312370225323266,269.5769230769231,Hold
2025-01-02 09:21:11,-0.0008612824105451,-0.021936431455972,267.0625,Hold
2025-01-02 09:21:12,0.0060964025512048,-0.0068138801796044,265.5,Hold
2025-01-02 09:21:13,0.004213643127054,-0.0077064545185683,266.2,Hold
2025-01-02 09:21:14,0.0020050161165089,-0.0160535724784394,266.83333333333337,Hold
2025-01-02 09:21:15,-0.0016217707065957,-0.0237485397775727,267.70833333333337,Hold
2025-01-02 09:21:16,0.0028987717968518,-0.0231142554421228,266.95833333333337,Hold
2025-01-02 09:21:17,0.0084695686950796,-0.0124965019845164,266.0625,Hold
2025-01-02 09:21:18,0.0122547715997744,-0.0092380071581774,265.65,Hold
2025-01-02 09:21:19,0.0052744955478655,-0.0204887761103635,267.82142857142856,Hold
2025-01-02 09:21:20,0.0066625586639168,-0.0223480491967189,267.77272727272725,Hold
2025-01-02 09:21:21,0.007451576484163,-0.0203322552969849,267.8181818181818,Hold
2025-01-02 09:21:22,0.0059774952301605,-0.0199248982302469,268.3611111111111,Hold
2025-01-02 09:21:23,0.0071126097717723,-0.0179841481307652,268.2307692307692,Hold
2025-01-02 09:21:24,0.0114425365547698,-0.0181842337154585,267.3,Hold
2025-01-02 09:21:25,0.0144892790994253,-0.0177039552815561,266.76666666666665,Hold
2025-01-02 09:21:26,-0.0038883584938825,-0.0365985368954708,271.53846153846155,Hold
2025-01-02 09:21:27,-0.0056725904555987,-0.0352128488082565,271.9,Hold
2025-01-02 09:21:28,-0.0052871836157741,-0.0332121931769837,271.54545454545456,Hold
2025-01-02 09:21:29,-0.0048418448747787,-0.0349775454782566,271.1071428571429,Hold
2025-01-02 09:21:30,-0.0065833479763369,-0.0358701569921315,271.0,Hold
2025-01-02 09:21:31,-0.006680413278934,-0.0351498698330008,270.3888888888889,Hold
2025-01-02 09:21:32,-0.0073532787011248,-0.0270794989199441,269.875,Hold
2025-01-02 09:21:33,-0.0091103387359506,-0.0260850690943383,269.9642857142857,Hold
2025-01-02 09:21:34,-0.0075424132659753,-0.0289409003235998,269.5,Hold
2025-01-02 09:21:35,-0.0077544461310694,-0.0322131329181816,269.5,Hold
2025-01-02 09:21:36,-0.0101457854083671,-0.0350798375196275,270.0454545454545,Hold
2025-01-02 09:21:37,-0.0127145275029995,-0.0295649209570638,270.65,Hold
2025-01-02 09:21:38,-0.0061656267831937,-0.0217845175720869,269.06666666666666,Hold
2025-01-02 09:21:39,-0.000323720667232,-0.02063285318549,267.95454545454544,Hold
2025-01-02 09:21:40,0.0126580238147703,-0.0081841408453378,265.2142857142857,Hold
2025-01-02 09:21:41,0.0201672081337554,-0.0030046170382009,264.05555555555554,Hold
2025-01-02 09:21:42,0.027878654429216,0.0086505956708724,262.9545454545455,Buy
2025-01-02 09:21:43,0.017751335662354,-0.003177165472548,266.1071428571429,Sell
2025-01-02 09:21:44,0.0076237191100172,-0.0205161643091216,269.125,Hold
2025-01-02 09:21:45,0.0093778488738646,-0.0217501629555916,268.92857142857144,Hold
2025-01-02 09:21:46,0.0099378074424542,-0.0220196465175739,269.0,Hold
2025-01-02 09:21:47,0.0076878382680674,-0.0192942892743965,269.6818181818182,Hold
2025-01-02 09:21:48,0.0022197279048068,-0.0262402396732861,271.05555555555554,Hold
2025-01-02 09:21:49,-0.0042335808300954,-0.0387407342746108,272.55555555555554,Hold
2025-01-02 09:21:50,-0.004025923571378,-0.0420401516435697,272.25,Hold
2025-01-02 09:21:51,-0.0042238443166237,-0.0422721302542834,272.15,Hold
2025-01-02 09:21:52,-0.0049074020162363,-0.0341299814613225,272.0,Hold
2025-01-02 09:21:53,-0.0050610694840031,-0.0330024713435734,271.5625,Hold
2025-01-02 09:21:54,-0.0118693299794601,-0.0417139512656907,272.58333333333337,Hold
2025-01-02 09:21:55,-0.0119783982708015,-0.0402873446499263,271.66666666666663,Hold
2025-01-02 09:21:56,-0.0131597497902617,-0.0382274708640693,271.22727272727275,Hold
2025-01-02 09:21:57,-0.0123549364810101,-0.0277124885654829,270.5,Hold
2025-01-02 09:21:58,-0.0121321942852385,-0.0276053716034327,270.0769230769231,Hold
2025-01-02 09:21:59,-0.012406306021502,-0.0309804135023223,270.0,Hold
2025-01-02 09:22:00,-0.0120292262456144,-0.0308653509245668,269.77272727272725,Hold
2025-01-02 09:22:01,-0.0170618907157675,-0.035943493410526,270.61538461538464,Hold
2025-01-02 09:22:02,-0.0110315378913473,-0.0233677916606207,268.6470588235294,Hold
2025-01-02 09:22:03,-0.0043380842178278,-0.013856004544307,266.79166666666663,Hold
2025-01-02 09:22:04,0.0066650027182241,-0.0044778993495973,264.1818181818182,Hold
2025-01-02 09:22:05,0.0152445679031894,0.0019768562585009,262.3125,Buy
2025-01-02 09:22:06,0.0109827674986825,-0.0036447220771271,263.6818181818182,Sell
2025-01-02 09:22:07,0.0042880925433268,-0.0053074503138526,265.5,Hold
2025-01-02 09:22:08,0.0008948914456032,-0.0106450257670818,266.5,Hold
2025-01-02 09:22:09,-0.0064759186481173,-0.0258447416000304,268.5,Hold
2025-01-02 09:22:10,-0.006176921370079,-0.0293344631950949,268.5454545454545,Hold
2025-01-02 09:22:11,0.0076627770731166,-0.0126068619532921,265.32142857142856,Hold
2025-01-02 09:22:12,0.0087552826037372,-0.0057437387948175,265.5,Hold
2025-01-02 09:22:13,0.006968226220065,-0.010416235516192,266.3,Hold
2025-01-02 09:22:14,0.0040326892456308,-0.0179966995935643,267.2647058823529,Hold
2025-01-02 09:22:15,0.0096608049427596,-0.0141867411111278,266.0,Hold
2025-01-02 09:22:16,0.0088354592860009,-0.0184899386478112,266.3461538461538,Hold
2025-01-02 09:22:17,0.0099965701844642,-0.0108465275376015,266.1071428571429,Hold
2025-01-02 09:22:18,0.0035039311674825,-0.0146960088662435,267.5,Hold
2025-01-02 09:22:19,-0.0032103120905556,-0.0240547482430699,268.72727272727275,Hold
2025-01-02 09:22:20,-0.0100645874181827,-0.0308529635413943,269.8,Hold
2025-01-02 09:22:21,-0.0127170648281759,-0.0337301245132344,270.0,Hold
2025-01-02 09:22:22,-0.014311402061217,-0.0278049569494496,270.2,Hold
2025-01-02 09:22:23,-0.0129229208870667,-0.0232581741813595,269.6111111111111,Hold
2025-01-02 09:22:24,-0.0134495365917212,-0.025384732578588,269.1333333333333,Hold
2025-01-02 09:22:25,-0.0127937664391407,-0.0221620499194663,268.27272727272725,Hold
2025-01-02 09:22:26,-0.0136997274587344,-0.0224952382542595,267.6428571428571,Hold
2025-01-02 09:22:27,-0.0139784067941404,-0.0133995838100202,266.78571428571433,Hold
2025-01-02 09:22:28,-0.0068642125489656,0.0005037080977838,264.2,Buy
2025-01-02 09:22:29,-0.0044240492602157,0.0012849558652379,263.0,Buy
2025-01-02 09:22:30,-0.0042060553202223,0.0038084660151946,262.0,Buy
2025-01-02 09:22:31,-0.0322182806154758,-0.0060409913227619,264.8181818181818,Sell
2025-01-02 09:22:32,-0.053336752149265,-0.0144616099058512,267.8666666666667,Sell
2025-01-02 09:22:33,-0.0544308403751938,-0.0173493233124912,267.55,Sell
2025-01-02 09:22:34,-0.0376728948379585,-5.956733633083466e-05,263.0,Hold
2025-01-02 09:22:35,-0.0313671040651894,0.0065522582846848,261.54166666666663,Buy
2025-01-02 09:22:36,-0.0179147327676739,0.0164102853067038,259.0,Buy
2025-01-02 09:22:37,0.0422691097565497,0.0307888063651102,257.5882352941177,Buy
2025-01-02 09:22:38,0.0760243133349931,0.0345696671051356,257.5,Buy
2025-01-02 09:22:39,0.0995194589660611,0.0314075696923905,257.5,Buy
2025-01-02 09:22:40,0.1320162572743266,0.053392996445496,252.61538461538464,Buy
2025-01-02 09:22:41,0.394923284052228,0.2216326745636823,218.7,Buy
2025-01-02 09:22:42,0.3493343946105573,0.1468706737782958,240.8,Buy
2025-01-02 09:22:43,0.259060359929925,0.0249186702758406,261.625,Buy
2025-01-02 09:22:44,0.2710805132505568,-0.002710446111517,264.05,Sell
2025-01-02 09:22:45,0.2965450773973502,-0.007284455001246,264.0,Sell
2025-01-02 09:22:46,0.2928564192720196,-0.0289282705468909,269.22222222222223,Sell
2025-01-02 09:22:47,-0.1511205562114653,-0.3960537296851887,398.75,Sell
2025-01-02 09:22:48,-0.0309344642095734,-0.0559548097903399,343.5,Sell
2025-01-02 09:22:49,0.0371681323568116,-0.0565808476843376,318.0,Sell
2025-01-02 09:22:50,0.1764037939126908,-0.0693356093583794,281.0,Sell
2025-01-02 09:22:51,-0.2228322975241827,-0.3936565373548077,409.75,Sell
2025-01-02 09:22:52,-0.3098043987527256,-0.5319377301601358,439.3,Sell
2025-01-02 09:22:53,-0.0206655280451964,-0.2169198397221641,306.44444444444446,Hold
2025-01-02 09:22:54,-0.101515180215793,-0.243729031093451,326.32142857142856,Hold
2025-01-02 09:22:55,-0.1341440901895666,-0.2685347106340323,330.5909090909091,Hold
2025-01-02 09:22:56,-0.1518433719695187,-0.2549408945752092,327.0,Hold
2025-01-02 09:22:57,-0.1086083768633272,-0.167492411781063,303.0,Hold
2025-01-02 09:22:58,-0.078254077225945,-0.0994684768414102,287.33333333333337,Hold
2025-01-02 09:22:59,-0.0824101476129466,-0.0944117762544916,287.4545454545455,Hold
2025-01-02 09:23:00,-0.0942948717948718,-0.0999979868356659,288.5,Hold
2025-01-02 09:23:01,-0.1037526583757087,-0.1026699944548781,288.5,Hold
2025-01-02 09:23:02,-0.1070315981332873,-0.0900165550166076,286.88461538461536,Hold
2025-01-02 09:23:03,-0.0734658778142955,-0.0325612240093338,275.53125,Hold
2025-01-02 09:23:04,-0.0028068512029401,0.0618607072661467,257.1538461538462,Buy
2025-01-02 09:23:05,-0.0148043484869214,0.0459570328843164,261.08333333333337,Buy
2025-01-02 09:23:06,0.0934857909729904,0.1271734858184043,238.03125,Buy
2025-01-02 09:23:07,0.1462297867555893,0.1807320130885197,230.44444444444449,Buy
2025-01-02 09:23:08,0.1383664811177768,0.1745081197865194,234.9,Buy
2025-01-02 09:23:09,-0.0376510206432324,-0.0028552384399074,276.625,Sell
2025-01-02 09:23:10,0.0091399716673023,-0.0017950898193395,263.80555555555554,Sell
2025-01-02 09:23:11,0.0198785262476574,0.0120790378433721,261.21428571428567,Buy
2025-01-02 09:23:12,0.0116229686278333,0.0099057677392779,263.0,Buy
2025-01-02 09:23:13,-0.0059625925148636,-0.0052606488013395,266.6333333333333,Sell
2025-01-02 09:23:14,-0.0165150204810915,-0.0220977694249546,268.58333333333337,Sell
2025-01-02 09:23:15,-0.0223564513120327,-0.0256717225343163,268.94444444444446,Sell
2025-01-02 09:23:16,-0.0261435643020964,-0.0237435505754965,268.6875,Sell
2025-01-02 09:23:17,-0.0320385113956774,-0.0196591986569367,269.02941176470586,Sell
2025-01-02 09:23:18,-0.0306164116257573,-0.0139617489529553,267.5,Hold
2025-01-02 09:23:19,-0.0232901024174163,-0.0043376314970529,264.7,Hold
2025-01-02 09:23:20,-0.0232839669410015,-0.0013756165116953,263.875,Hold
2025-01-02 09:23:21,-0.0235485274361171,0.005005270594641,263.11538461538464,Buy
